node_id,donors_cm3,acceptors_cm3
0,1.0000000000000008e+20,0
1,1.0000000000000008e+20,0
2,1.0000000000000008e+20,0
3,0,0
4,0,0
5,0,0
6,1.0000000000000008e+20,0
7,1.0000000000000008e+20,0
8,1.0000000000000008e+20,0
9,1.0000000000000008e+20,0
10,1.0000000000000008e+20,0
11,1.0000000000000008e+20,0
12,0,0
13,0,0
14,1.0000000000000008e+20,0
15,0,0
16,0,0
17,0,0
18,0,0
19,0,0
20,0,0
21,0,0
22,0,0
23,0,0
24,0,0
25,0,0
26,0,0
27,0,0
28,0,0
29,0,0
30,0,0
31,0,0
32,0,0
33,0,0
34,0,0
35,1.0000000000000008e+20,0
36,1.0000000000000008e+20,0
37,1.0000000000000008e+20,0
38,1.0000000000000008e+20,0
39,1.0000000000000008e+20,0
40,1.0000000000000008e+20,0
41,1.0000000000000008e+20,0
42,1.0000000000000008e+20,0
43,1.0000000000000008e+20,0
44,1.0000000000000008e+20,0
45,1.0000000000000008e+20,0
46,1.0000000000000008e+20,0
47,1.0000000000000008e+20,0
48,1.0000000000000008e+20,0
49,1.0000000000000008e+20,0
50,1.0000000000000008e+20,0
51,1.0000000000000008e+20,0
52,1.0000000000000008e+20,0
53,1.0000000000000008e+20,0
54,1.0000000000000008e+20,0
55,1.0000000000000008e+20,0
56,1.0000000000000008e+20,0
57,1.0000000000000008e+20,0
58,1.0000000000000008e+20,0
59,1.0000000000000008e+20,0
60,1.0000000000000008e+20,0
61,1.0000000000000008e+20,0
62,1.0000000000000008e+20,0
63,1.0000000000000008e+20,0
64,1.0000000000000008e+20,0
65,1.0000000000000008e+20,0
66,1.0000000000000008e+20,0
67,0,0
68,1.0000000000000008e+20,0
69,1.0000000000000008e+20,0
70,0,0
71,0,0
72,0,0
73,0,0
74,0,0
75,0,0
76,0,0
77,0,0
78,0,0
79,0,0
80,0,0
81,0,0
82,0,0
83,0,1.5000000000000023e+18
84,0,1.5000000000000023e+18
85,0,1.5000000000000023e+18
86,4.9596886506943019e-15,1.5000000000000023e+18
87,4.959683336084475e-15,1.5000000000000023e+18
88,0,1.5000000000000023e+18
89,0,1.5000000000000023e+18
90,0,1.5000000000000023e+18
91,0,1.5000000000000023e+18
92,4.959595837669609e-15,1.5000000000000023e+18
93,4.9594009275917819e-15,1.5000000000000023e+18
94,0,1.5000000000000023e+18
95,0,1.5000000000000023e+18
96,4.9586889302529762e-15,1.5000000000000023e+18
97,0,1.5000000000000023e+18
98,0,1.5000000000000023e+18
99,4.9575475296477664e-15,1.5000000000000023e+18
100,0,1.5000000000000023e+18
101,0,1.5000000000000023e+18
102,4.9539778202312109e-15,1.5000000000000023e+18
103,0,1.5000000000000023e+18
104,0,1.5000000000000023e+18
105,4.9486955188462177e-15,1.5000000000000023e+18
106,0,1.5000000000000023e+18
107,0,1.5000000000000023e+18
108,4.9330169125603841e-15,1.5000000000000023e+18
109,0,1.5000000000000023e+18
110,0,1.5000000000000023e+18
111,4.910576883693285e-15,1.5000000000000023e+18
112,1.0000000000000008e+20,0
113,1.0000000000000008e+20,0
114,1.0000000000000008e+20,0
115,1.0000000000000008e+20,0
116,1.0000000000000008e+20,0
117,1.0000000000000008e+20,0
118,1.0000000000000008e+20,0
119,1.0000000000000008e+20,0
120,1.0000000000000008e+20,0
121,1.0000000000000008e+20,0
122,1.0000000000000008e+20,0
123,1.0000000000000008e+20,0
124,0,0
125,0,0
126,0,0
127,0,0
128,0,0
129,35162944.012883924,1.5000000000000023e+18
130,35162451.814533427,1.5000000000000023e+18
131,35154349.297608577,1.5000000000000023e+18
132,35136306.455842473,1.5000000000000023e+18
133,35070469.43621859,1.5000000000000023e+18
134,34965163.917712241,1.5000000000000023e+18
135,34637704.03171099,1.5000000000000023e+18
136,34158334.853444643,1.5000000000000023e+18
137,32771330.913736522,1.5000000000000023e+18
138,30876476.310715802,1.5000000000000023e+18
139,1.0000000000000008e+20,0
140,1.0000000000000008e+20,0
141,1.0000000000000008e+20,0
142,1.0000000000000008e+20,0
143,1.0000000000000008e+20,0
144,1.0000000000000008e+20,0
145,1.0000000000000008e+20,0
146,1.0000000000000008e+20,0
147,1.0000000000000008e+20,0
148,1.0000000000000008e+20,0
149,1.0000000000000008e+20,0
150,1.0000000000000008e+20,0
151,1.0000000000000008e+20,0
152,0,0
153,0,0
154,0,0
155,0,0
156,0,0
157,2286753467726375.5,1.5000000000000023e+18
158,2286721458566819.5,1.5000000000000023e+18
159,2286194527185074.5,1.5000000000000023e+18
160,2285021146168927.5,1.5000000000000023e+18
161,2280739564033079,1.5000000000000023e+18
162,2273891225067872,1.5000000000000023e+18
163,2252595510193129,1.5000000000000023e+18
164,2221420670841791.8,1.5000000000000023e+18
165,2131219575401218.5,1.5000000000000023e+18
166,2007991402791226.5,1.5000000000000023e+18
167,1.0000000000000008e+20,0
168,1.0000000000000008e+20,0
169,1.0000000000000008e+20,0
170,1.0000000000000008e+20,0
171,1.0000000000000008e+20,0
172,1.0000000000000008e+20,0
173,0,0
174,1.0000000000000008e+20,0
175,1.0000000000000008e+20,0
176,0,0
177,0,0
178,0,0
179,0,0
180,0,0
181,0,0
182,0,0
183,0,0
184,0,0
185,7.9831331894750515e+17,1.5000000000000023e+18
186,7.9830214444235507e+17,1.5000000000000023e+18
187,3.4359912601793094e+19,1.5000000000000023e+18
188,3.4359431643989672e+19,1.5000000000000023e+18
189,7.9811819092652787e+17,1.5000000000000023e+18
190,7.9770855967129613e+17,1.5000000000000023e+18
191,3.4351514167759974e+19,1.5000000000000023e+18
192,3.4333883378200707e+19,1.5000000000000023e+18
193,7.9621384496179392e+17,1.5000000000000023e+18
194,3.4269549907163521e+19,1.5000000000000023e+18
195,7.9382306681899725e+17,1.5000000000000023e+18
196,3.4166649296479887e+19,1.5000000000000023e+18
197,7.8638866120381478e+17,1.5000000000000023e+18
198,3.3846667753993634e+19,1.5000000000000023e+18
199,7.755054200405399e+17,1.5000000000000023e+18
200,3.337824613766964e+19,1.5000000000000023e+18
201,7.4401591455158144e+17,1.5000000000000023e+18
202,3.2022917808811524e+19,1.5000000000000023e+18
203,7.0099654545363981e+17,1.5000000000000023e+18
204,3.0171336822616367e+19,1.5000000000000023e+18
205,1.0000000000000008e+20,0
206,0,0
207,1.0000000000000008e+20,0
208,0,0
209,0,0
210,0,0
211,0,0
212,0,0
213,0,0
214,0,0
215,1.0000000000000008e+20,0
216,0,0
217,1.0000000000000008e+20,0
218,0,0
219,0,0
220,0,0
221,0,0
222,1.0000000000000008e+20,0
223,1.0000000000000008e+20,0
224,0,0
225,1.0000000000000008e+20,0
226,1.0000000000000008e+20,0
227,0,0
228,1.0000000000000008e+20,0
229,1.0000000000000008e+20,0
230,0,0
231,0,0
232,0,0
233,0,0
234,1.0000000000000008e+20,0
235,1.0000000000000008e+20,0
236,1.0000000000000008e+20,0
237,1.0000000000000008e+20,0
238,0,0
239,1.0000000000000008e+20,0
240,0,0
241,1.0000000000000008e+20,0
242,0,0
243,1.0000000000000008e+20,0
244,0,0
245,0,0
246,0,0
247,0,0
248,0,0
249,0,0
250,0,0
251,0,0
252,0,0
253,0,0
254,0,0
255,1.8232884156743182e+20,1.5000000000000023e+18
256,1.823262893933296e+20,1.5000000000000023e+18
257,2.0000000000000052e+20,1.5000000000000023e+18
258,1.9999720047132305e+20,1.5000000000000023e+18
259,1.8228427577455739e+20,1.5000000000000023e+18
260,1.8219071903378463e+20,1.5000000000000023e+18
261,1.9995111492785e+20,1.5000000000000023e+18
262,1.9984849074621373e+20,1.5000000000000023e+18
263,1.8184933727929175e+20,1.5000000000000023e+18
264,1.9947402255834163e+20,1.5000000000000023e+18
265,1.8130330128205254e+20,1.5000000000000023e+18
266,1.9887506521013076e+20,1.5000000000000023e+18
267,1.7960533817485332e+20,1.5000000000000023e+18
268,1.970125369424101e+20,1.5000000000000023e+18
269,1.77119686605849e+20,1.5000000000000023e+18
270,1.9428597810768508e+20,1.5000000000000023e+18
271,1.6992771708578306e+20,1.5000000000000023e+18
272,1.8639696893257214e+20,1.5000000000000023e+18
273,1.6010241222561785e+20,1.5000000000000023e+18
274,1.7561940376438522e+20,1.5000000000000023e+18
275,0,0
276,0,0
277,0,0
278,0,0
279,0,0
280,0,0
281,0,0
282,0,0
283,2.0000000000000052e+20,1.5000000000000023e+18
284,1.9999720047132305e+20,1.5000000000000023e+18
285,1.9995111492785e+20,1.5000000000000023e+18
286,1.9984849074621373e+20,1.5000000000000023e+18
287,1.9947402255834163e+20,1.5000000000000023e+18
288,1.9887506521013076e+20,1.5000000000000023e+18
289,1.970125369424101e+20,1.5000000000000023e+18
290,1.9428597810768508e+20,1.5000000000000023e+18
291,1.8639696893257214e+20,1.5000000000000023e+18
292,1.7561940376438522e+20,1.5000000000000023e+18
293,0,0
294,0,0
295,0,0
296,0,0
297,0,0
298,0,0
299,0,0
300,2.0000000000000052e+20,1.5000000000000023e+18
301,1.9999720047132305e+20,1.5000000000000023e+18
302,1.9995111492785e+20,1.5000000000000023e+18
303,1.9984849074621373e+20,1.5000000000000023e+18
304,1.9947402255834163e+20,1.5000000000000023e+18
305,1.9887506521013076e+20,1.5000000000000023e+18
306,1.970125369424101e+20,1.5000000000000023e+18
307,1.9428597810768508e+20,1.5000000000000023e+18
308,1.8639696893257214e+20,1.5000000000000023e+18
309,1.7561940376438522e+20,1.5000000000000023e+18
310,0,0
311,0,0
312,0,0
313,0,0
314,0,0
315,0,0
316,0,0
317,0,0
318,0,0
319,0,0
320,0,0
321,0,0
322,0,0
323,0,0
324,0,0
325,0,0
326,0,0
327,0,0
328,0,0
329,0,0
330,0,0
331,0,0
332,0,0
333,0,0
334,2.0000000000007586e+20,1.5000000000000023e+18
335,1.9999720047139979e+20,1.5000000000000023e+18
336,2.0000000010239115e+20,1.5000000000000023e+18
337,1.9999720057371509e+20,1.5000000000000023e+18
338,1.999511149279253e+20,1.5000000000000023e+18
339,1.9984849074629041e+20,1.5000000000000023e+18
340,1.9995111503023977e+20,1.5000000000000023e+18
341,1.9984849084859921e+20,1.5000000000000023e+18
342,1.9947402255841673e+20,1.5000000000000023e+18
343,1.9947402266071243e+20,1.5000000000000023e+18
344,1.9887506521020567e+20,1.5000000000000023e+18
345,1.9887506531247679e+20,1.5000000000000023e+18
346,1.970125369424857e+20,1.5000000000000023e+18
347,1.9701253704468234e+20,1.5000000000000023e+18
348,1.94285978107761e+20,1.5000000000000023e+18
349,1.9428597820984925e+20,1.5000000000000023e+18
350,1.8639696893264763e+20,1.5000000000000023e+18
351,1.8639696903441288e+20,1.5000000000000023e+18
352,1.7561940376446006e+20,1.5000000000000023e+18
353,1.7561940386576312e+20,1.5000000000000023e+18
354,0,1.5000000000000023e+18
355,0,1.5000000000000023e+18
356,0,1.5000000000000023e+18
357,0,1.5000000000000023e+18
358,4.8814684484776352e-15,1.5000000000000023e+18
359,4.8458118046825918e-15,1.5000000000000023e+18
360,0,1.5000000000000023e+18
361,0,1.5000000000000023e+18
362,4.7554653264005373e-15,1.5000000000000023e+18
363,0,1.5000000000000023e+18
364,0,1.5000000000000023e+18
365,4.5042664239439093e-15,1.5000000000000023e+18
366,0,1.5000000000000023e+18
367,0,1.5000000000000023e+18
368,0,1.5000000000000023e+18
369,0,1.5000000000000023e+18
370,4.1727908300411118e-15,1.5000000000000023e+18
371,3.7809476377673253e-15,1.5000000000000023e+18
372,0,1.5000000000000023e+18
373,0,1.5000000000000023e+18
374,0,1.5000000000000023e+18
375,0,1.5000000000000023e+18
376,3.3507792289752663e-15,1.5000000000000023e+18
377,2.9044355909316454e-15,1.5000000000000023e+18
378,0,1.5000000000000023e+18
379,0,1.5000000000000023e+18
380,0,1.5000000000000023e+18
381,0,1.5000000000000023e+18
382,2.4623417340378885e-15,1.5000000000000023e+18
383,2.0417638032192451e-15,1.5000000000000023e+18
384,28569171.698521782,1.5000000000000023e+18
385,25959948.772879131,1.5000000000000023e+18
386,20301353.30682895,1.5000000000000023e+18
387,9990851.0131809078,1.5000000000000023e+18
388,3680105.0154736326,1.5000000000000023e+18
389,1014607.7537926394,1.5000000000000023e+18
390,1857940348445422.8,1.5000000000000023e+18
391,1688254625569140.5,1.5000000000000023e+18
392,1320258908267725,1.5000000000000023e+18
393,649735505410408,1.5000000000000023e+18
394,6.4861321821833843e+17,1.5000000000000023e+18
395,5.8937536222765478e+17,1.5000000000000023e+18
396,2.791672512708678e+19,1.5000000000000023e+18
397,2.5367090157647745e+19,1.5000000000000023e+18
398,4.6090682087262611e+17,1.5000000000000023e+18
399,1.9837722491756544e+19,1.5000000000000023e+18
400,2.2682484801386659e+17,1.5000000000000023e+18
401,9.7626856131457679e+18,1.5000000000000023e+18
402,239328450503121.62,1.5000000000000023e+18
403,65983035963008.617,1.5000000000000023e+18
404,83550366200897424,1.5000000000000023e+18
405,1.4274041782074021e+17,1.5000000000000023e+18
406,6.1436382992209265e+18,1.5000000000000023e+18
407,3.5960608602841283e+18,1.5000000000000023e+18
408,23034899554010392,1.5000000000000023e+18
409,45487787215628448,1.5000000000000023e+18
410,1.9578232707410588e+18,1.5000000000000023e+18
411,9.9143671623863398e+17,1.5000000000000023e+18
412,209370.92794517719,1.5000000000000023e+18
413,32338.123453885921,1.5000000000000023e+18
414,13616029856438.951,1.5000000000000023e+18
415,4753401771984450,1.5000000000000023e+18
416,2.0458943320891034e+17,1.5000000000000023e+18
417,4.6698353590490298e+17,1.5000000000000023e+18
418,2103046773354.364,1.5000000000000023e+18
419,31599603695707652,1.5000000000000023e+18
420,83370016624298400,1.5000000000000023e+18
421,3738.4664482859739,1.5000000000000023e+18
422,323.48369548187293,1.5000000000000023e+18
423,243123872434.0914,1.5000000000000023e+18
424,3653089467729373.5,1.5000000000000023e+18
425,21037131081.064419,1.5000000000000023e+18
426,316096157954674.44,1.5000000000000023e+18
427,1.4813844877220551e+20,1.5000000000000023e+18
428,1.3460896178586848e+20,1.5000000000000023e+18
429,1.6249590300546925e+20,1.5000000000000023e+18
430,1.4765514948558986e+20,1.5000000000000023e+18
431,1.052676996934337e+20,1.5000000000000023e+18
432,1.1547015687531959e+20,1.5000000000000023e+18
433,5.1805113099705885e+19,1.5000000000000023e+18
434,5.6826021220067492e+19,1.5000000000000023e+18
435,1.6249590300546925e+20,1.5000000000000023e+18
436,1.4765514948558986e+20,1.5000000000000023e+18
437,1.1547015687531959e+20,1.5000000000000023e+18
438,5.6826021220067492e+19,1.5000000000000023e+18
439,3.2600852833595683e+19,1.5000000000000023e+18
440,1.9082284011030217e+19,1.5000000000000023e+18
441,3.576050015272933e+19,1.5000000000000023e+18
442,2.0931722975898808e+19,1.5000000000000023e+18
443,1.038907325187293e+19,1.5000000000000023e+18
444,5.2610002258788219e+18,1.5000000000000023e+18
445,1.1395973519670092e+19,1.5000000000000023e+18
446,5.770891956150656e+18,1.5000000000000023e+18
447,3.576050015272933e+19,1.5000000000000023e+18
448,2.0931722975898808e+19,1.5000000000000023e+18
449,1.1395973519670092e+19,1.5000000000000023e+18
450,5.770891956150656e+18,1.5000000000000023e+18
451,1.6249590300546925e+20,1.5000000000000023e+18
452,1.4765514948558986e+20,1.5000000000000023e+18
453,1.1547015687531959e+20,1.5000000000000023e+18
454,5.6826021220067492e+19,1.5000000000000023e+18
455,3.576050015272933e+19,1.5000000000000023e+18
456,2.0931722975898808e+19,1.5000000000000023e+18
457,1.1395973519670092e+19,1.5000000000000023e+18
458,5.770891956150656e+18,1.5000000000000023e+18
459,2.4780204804176783e+18,1.5000000000000023e+18
460,1.085641712370703e+18,1.5000000000000023e+18
461,2.7181881474316539e+18,1.5000000000000023e+18
462,1.1908611967670387e+18,1.5000000000000023e+18
463,2.7181881474316539e+18,1.5000000000000023e+18
464,1.1908611967670387e+18,1.5000000000000023e+18
465,2.7181881474316539e+18,1.5000000000000023e+18
466,1.1908611967670472e+18,1.5000000000000023e+18
467,4.4239805638425018e+17,1.5000000000000023e+18
468,1.6768142581153382e+17,1.5000000000000023e+18
469,4.8527490503539814e+17,1.5000000000000023e+18
470,1.8393296899165389e+17,1.5000000000000023e+18
471,4.8527490503539814e+17,1.5000000000000023e+18
472,1.8393296899165389e+17,1.5000000000000023e+18
473,4.8527490503541197e+17,1.5000000000000023e+18
474,1.8393296899166694e+17,1.5000000000000023e+18
475,21263671477084864,1.5000000000000023e+18
476,21263671477084864,1.5000000000000023e+18
477,21263671477095140,1.5000000000000023e+18
478,1839912467869197,1.5000000000000023e+18
479,1839912467869197,1.5000000000000023e+18
480,1839912467877629.2,1.5000000000000023e+18
481,1.6249590300554428e+20,1.5000000000000023e+18
482,1.4765514948566437e+20,1.5000000000000023e+18
483,1.6249590310624644e+20,1.5000000000000023e+18
484,1.4765514958563079e+20,1.5000000000000023e+18
485,1.154701568753918e+20,1.5000000000000023e+18
486,1.154701569734956e+20,1.5000000000000023e+18
487,5.6826021220136133e+19,1.5000000000000023e+18
488,5.6826021313057661e+19,1.5000000000000023e+18
489,3.5760500152795648e+19,1.5000000000000023e+18
490,2.0931722975962317e+19,1.5000000000000023e+18
491,3.5760500242481304e+19,1.5000000000000023e+18
492,2.0931723062046122e+19,1.5000000000000023e+18
493,1.1395973519730741e+19,1.5000000000000023e+18
494,5.7708919562082673e+18,1.5000000000000023e+18
495,1.1395973601900626e+19,1.5000000000000023e+18
496,5.7708920342085499e+18,1.5000000000000023e+18
497,2.7181881474860221e+18,1.5000000000000023e+18
498,1.1908611968180787e+18,1.5000000000000023e+18
499,2.7181882211190446e+18,1.5000000000000023e+18
500,1.1908612659441277e+18,1.5000000000000023e+18
501,4.8527490508305069e+17,1.5000000000000023e+18
502,1.8393296903589712e+17,1.5000000000000023e+18
503,4.8527496961925235e+17,1.5000000000000023e+18
504,1.8393302895395504e+17,1.5000000000000023e+18
505,21263671514593688,1.5000000000000023e+18
506,21263722312324628,1.5000000000000023e+18
507,1839912498971267,1.5000000000000023e+18
508,1839954620244428.2,1.5000000000000023e+18
509,0,1.5000000000000023e+18
510,0,1.5000000000000023e+18
511,0,1.5000000000000023e+18
512,0,1.5000000000000023e+18
513,1.6558967889995356e-15,1.5000000000000023e+18
514,1.3135046533738584e-15,1.5000000000000023e+18
515,20.950362421440744,1.5000000000000023e+18
516,1.0155724724535442,1.5000000000000023e+18
517,1362465949.9225514,1.5000000000000023e+18
518,20471909903258.312,1.5000000000000023e+18
519,66045774.541849479,1.5000000000000023e+18
520,992379402941.04797,1.5000000000000023e+18
521,0,1.5000000000000023e+18
522,0,1.5000000000000023e+18
523,7.73285884551364e-16,1.5000000000000023e+18
524,0.0010006690246068702,1.5000000000000023e+18
525,977816158.91100764,1.5000000000000023e+18
526,119161594736943.69,1.5000000000000023e+18
527,119161594736944.53,1.5000000000000023e+18
528,5776379087118.2979,1.5000000000000023e+18
529,5776379087118.8525,1.5000000000000023e+18
530,119161594743781.59,1.5000000000000023e+18
531,5776379092542.5645,1.5000000000000023e+18
532,5691610280.2579088,1.5000000000000023e+18
533,5691613473.3135433,1.5000000000000023e+18
534,119161619961122.23,1.5000000000000023e+18
535,5776399095657.6582,1.5000000000000023e+18
536,119195780857148.2,1.5000000000000023e+18
537,5803496494597.5273,1.5000000000000023e+18
538,5703389698.468709,1.5000000000000023e+18
539,21656158540.580215,1.5000000000000023e+18
540,0,1.5000000000000023e+18
541,0,1.5000000000000023e+18
542,4.1661116155232056e-16,1.5000000000000023e+18
543,3.0953455084535289e-07,1.5000000000000023e+18
544,302383.17411313247,1.5000000000000023e+18
545,0,1.5000000000000023e+18
546,0,1.5000000000000023e+18
547,2.0540171756465012e-16,1.5000000000000023e+18
548,7.1610003044138507e-11,1.5000000000000023e+18
549,29.348034591532208,1.5000000000000023e+18
550,1760092.9725980631,1.5000000000000023e+18
551,1761813.2453292587,1.5000000000000023e+18
552,170.91164899502448,1.5000000000000023e+18
553,1019.0573692180596,1.5000000000000023e+18
554,8106306.1923843278,1.5000000000000023e+18
555,8602730480.8514442,1.5000000000000023e+18
556,3129043.1447369717,1.5000000000000023e+18
557,4240534879.1281424,1.5000000000000023e+18
558,0,0
559,0,0
560,0,0
561,0,0
562,0,0
563,0,0
564,0,0
565,0,0
566,0,0
567,0,0
568,0,0
569,0,0
570,0,0
571,0,0
572,0,0
573,0,0
574,0,0
575,0,0
576,0,0
577,0,0
578,0,0
579,0,0
580,0,0
581,0,0
582,2.0000005098629421e+20,1.5000000000000023e+18
583,1.9999725145756241e+20,1.5000000000000023e+18
584,2.0000932832301092e+20,1.5000000000000023e+18
585,2.0000652878434193e+20,1.5000000000000023e+18
586,1.9995116591319076e+20,1.5000000000000023e+18
587,1.9984854172955073e+20,1.5000000000000023e+18
588,1.9996044307633989e+20,1.5000000000000023e+18
589,1.9985781852820252e+20,1.5000000000000023e+18
590,1.9947407353436101e+20,1.5000000000000023e+18
591,1.9887511617441858e+20,1.5000000000000023e+18
592,1.9948334900151933e+20,1.5000000000000023e+18
593,1.9888438950706292e+20,1.5000000000000023e+18
594,1.9701258787000946e+20,1.5000000000000023e+18
595,1.9428602898099562e+20,1.5000000000000023e+18
596,1.9702185452698803e+20,1.5000000000000023e+18
597,1.9429528575958578e+20,1.5000000000000023e+18
598,1.8639701964474221e+20,1.5000000000000023e+18
599,1.7561945424592175e+20,1.5000000000000023e+18
600,1.8640624710270389e+20,1.5000000000000023e+18
601,1.7562863973819603e+20,1.5000000000000023e+18
602,0,0
603,0,0
604,0,0
605,0,0
606,0,0
607,0,0
608,0,0
609,0,0
610,0,0
611,0,0
612,0,0
613,0,0
614,0,0
615,0,0
616,0,0
617,0,0
618,0,0
619,0,0
620,0,0
621,0,0
622,2.00086678851012e+20,1.5000000000000023e+18
623,2.0008387922947624e+20,1.5000000000000023e+18
624,2.0062706474520737e+20,1.5000000000000023e+18
625,2.0062426454475964e+20,1.5000000000000023e+18
626,2.0003779215720363e+20,1.5000000000000023e+18
627,1.9993516457003768e+20,1.5000000000000023e+18
628,2.0057816794142137e+20,1.5000000000000023e+18
629,2.0047551912300223e+20,1.5000000000000023e+18
630,1.9956068394191985e+20,1.5000000000000023e+18
631,2.0010096093809787e+20,1.5000000000000023e+18
632,1.9896170665077912e+20,1.5000000000000023e+18
633,1.9950185931584868e+20,1.5000000000000023e+18
634,1.970991160118178e+20,1.5000000000000023e+18
635,1.9763887983303541e+20,1.5000000000000023e+18
636,1.9437246488256846e+20,1.5000000000000023e+18
637,1.9491165330784616e+20,1.5000000000000023e+18
638,1.8648318176262655e+20,1.5000000000000023e+18
639,1.8702066232121839e+20,1.5000000000000023e+18
640,1.7570522450588638e+20,1.5000000000000023e+18
641,1.7624026064901987e+20,1.5000000000000023e+18
642,0,0
643,0,0
644,0,0
645,0,0
646,0,0
647,0,0
648,0,0
649,0,0
650,0,0
651,0,0
652,0,0
653,0,0
654,0,0
655,0,0
656,2.0353184220737123e+20,1.5000000000000023e+18
657,2.035290388950539e+20,1.5000000000000023e+18
658,2.1548744827602095e+20,1.5000000000000023e+18
659,2.1548463215573559e+20,1.5000000000000023e+18
660,2.0348289105865163e+20,1.5000000000000023e+18
661,2.0338012811426687e+20,1.5000000000000023e+18
662,2.1543827345212408e+20,1.5000000000000023e+18
663,2.1533504078325449e+20,1.5000000000000023e+18
664,2.0300515303245329e+20,1.5000000000000023e+18
665,2.1495834981949696e+20,1.5000000000000023e+18
666,2.024053830837307e+20,1.5000000000000023e+18
667,2.1435582914437166e+20,1.5000000000000023e+18
668,2.0054031341893678e+20,1.5000000000000023e+18
669,2.1248215662008346e+20,1.5000000000000023e+18
670,1.9780999392411383e+20,1.5000000000000023e+18
671,2.097391069498834e+20,1.5000000000000023e+18
672,1.899098225115908e+20,1.5000000000000023e+18
673,2.0180115035176242e+20,1.5000000000000023e+18
674,1.7911628118677245e+20,1.5000000000000023e+18
675,1.90953528288345e+20,1.5000000000000023e+18
676,0,0
677,0,0
678,0,0
679,0,0
680,0,0
681,0,0
682,0,0
683,0,0
684,0,0
685,0,0
686,0,0
687,0,0
688,0,0
689,0,0
690,0,0
691,0,0
692,0,0
693,0,0
694,0,0
695,0,0
696,0,0
697,0,0
698,0,0
699,0,0
700,0,0
701,0,0
702,0,0
703,0,0
704,0,0
705,2.5287472413812857e+20,1.5000000000000023e+18
706,2.5287186796508227e+20,1.5000000000000023e+18
707,3.405419674999284e+20,1.5000000000000023e+18
708,3.4053901740949786e+20,1.5000000000000023e+18
709,2.528248498427461e+20,1.5000000000000023e+18
710,2.5272014826307269e+20,1.5000000000000023e+18
711,3.4049045305464042e+20,1.5000000000000023e+18
712,3.4038230711166442e+20,1.5000000000000023e+18
713,2.5233809143570353e+20,1.5000000000000023e+18
714,3.3998766818355832e+20,1.5000000000000023e+18
715,2.5172696875694627e+20,1.5000000000000023e+18
716,3.3935637516801481e+20,1.5000000000000023e+18
717,2.4982639358302988e+20,1.5000000000000023e+18
718,3.3739271753950108e+20,1.5000000000000023e+18
719,2.4704353442296883e+20,1.5000000000000023e+18
720,3.3451651142769666e+20,1.5000000000000023e+18
721,2.3898741692615324e+20,1.5000000000000023e+18
722,3.2618332532872321e+20,1.5000000000000023e+18
723,2.2797067491338469e+20,1.5000000000000023e+18
724,3.1477002380699697e+20,1.5000000000000023e+18
725,0,0
726,0,0
727,0,0
728,0,0
729,0,0
730,0,0
731,0,0
732,0,0
733,0,0
734,0,0
735,0,0
736,0,0
737,0,0
738,0,0
739,4.9083964949101766e+20,1.5000000000000023e+18
740,4.9083653838759186e+20,1.5000000000000023e+18
741,6.6858767887712689e+20,1.5000000000000023e+18
742,6.6858437735331765e+20,1.5000000000000023e+18
743,4.907853231547699e+20,1.5000000000000023e+18
744,4.9067127215763587e+20,1.5000000000000023e+18
745,6.6853002708655276e+20,1.5000000000000023e+18
746,6.6840899253700212e+20,1.5000000000000023e+18
747,4.9025506233824897e+20,1.5000000000000023e+18
748,4.8958918907644582e+20,1.5000000000000023e+18
749,6.6796727212180177e+20,1.5000000000000023e+18
750,6.6726050288244975e+20,1.5000000000000023e+18
751,4.8751738219700892e+20,1.5000000000000023e+18
752,4.8448114104896743e+20,1.5000000000000023e+18
753,6.6506079438818509e+20,1.5000000000000023e+18
754,6.6183528942751318e+20,1.5000000000000023e+18
755,4.7567294550450943e+20,1.5000000000000023e+18
756,4.6357977801822739e+20,1.5000000000000023e+18
757,6.5246532877958342e+20,1.5000000000000023e+18
758,6.3956812470507379e+20,1.5000000000000023e+18
759,0,0
760,0,0
761,0,0
762,0,0
763,0,0
764,0,0
765,0,0
766,0,0
767,0,0
768,0,0
769,0,0
770,0,0
771,0,0
772,0,0
773,0,0
774,0,0
775,0,0
776,0,0
777,0,0
778,0,0
779,0,0
780,0,0
781,0,0
782,0,0
783,0,0
784,0,0
785,0,0
786,0,0
787,0,0
788,0,0
789,0,0
790,0,0
791,0,0
792,0,0
793,7.4149333700291618e+20,1.5000000000000023e+18
794,7.4148995737571977e+20,1.5000000000000023e+18
795,7.8778403565630954e+20,1.5000000000000023e+18
796,7.8778060643816885e+20,1.5000000000000023e+18
797,7.4143432123414662e+20,1.5000000000000023e+18
798,7.4131042229005556e+20,1.5000000000000023e+18
799,7.8772415384359718e+20,1.5000000000000023e+18
800,7.8759843618161662e+20,1.5000000000000023e+18
801,7.4085823837333029e+20,1.5000000000000023e+18
802,7.4013469511871575e+20,1.5000000000000023e+18
803,7.871396085720896e+20,1.5000000000000023e+18
804,7.8640541482880847e+20,1.5000000000000023e+18
805,7.3788252611934093e+20,1.5000000000000023e+18
806,7.3457939215277936e+20,1.5000000000000023e+18
807,7.8411993657064633e+20,1.5000000000000023e+18
808,7.8076751286429811e+20,1.5000000000000023e+18
809,7.2497901626636789e+20,1.5000000000000023e+18
810,7.1175202616371446e+20,1.5000000000000023e+18
811,7.7102083718930943e+20,1.5000000000000023e+18
812,7.5758445283604221e+20,1.5000000000000023e+18
813,7.981891444568317e+20,1.5000000000000023e+18
814,7.9818570409175915e+20,1.5000000000000023e+18
815,7.9812906797690297e+20,1.5000000000000023e+18
816,7.9800294150801274e+20,1.5000000000000023e+18
817,7.9754262054563899e+20,1.5000000000000023e+18
818,7.9680603281184666e+20,1.5000000000000023e+18
819,7.9993058006009669e+20,1.5000000000000023e+18
820,7.9992713782943731e+20,1.5000000000000023e+18
821,7.9987047099997697e+20,1.5000000000000023e+18
822,7.9974427611172477e+20,1.5000000000000023e+18
823,7.9928370521657259e+20,1.5000000000000023e+18
824,7.9854671681610632e+20,1.5000000000000023e+18
825,7.9999999999999948e+20,1.5000000000000023e+18
826,7.9999655769496918e+20,1.5000000000000023e+18
827,7.9993988964111745e+20,1.5000000000000023e+18
828,7.9981369202542458e+20,1.5000000000000023e+18
829,7.9999999999999948e+20,1.5000000000000023e+18
830,7.9999655769496918e+20,1.5000000000000023e+18
831,7.9999999999999948e+20,1.5000000000000023e+18
832,7.9999655769496918e+20,1.5000000000000023e+18
833,7.9981369202542458e+20,1.5000000000000023e+18
834,7.9981369202542458e+20,1.5000000000000023e+18
835,7.9935311116704101e+20,1.5000000000000023e+18
836,7.9861610679454964e+20,1.5000000000000023e+18
837,7.9935311116704101e+20,1.5000000000000023e+18
838,7.9861610679454964e+20,1.5000000000000023e+18
839,7.945130673808478e+20,1.5000000000000023e+18
840,7.9114956444864872e+20,1.5000000000000023e+18
841,7.9625249830552719e+20,1.5000000000000023e+18
842,7.9288714111512543e+20,1.5000000000000023e+18
843,7.9632183833166951e+20,1.5000000000000023e+18
844,7.9295640722380764e+20,1.5000000000000023e+18
845,7.9981369202542458e+20,1.5000000000000023e+18
846,7.9999999999999948e+20,1.5000000000000023e+18
847,7.9981369202542458e+20,1.5000000000000023e+18
848,7.9999999999999948e+20,1.5000000000000023e+18
849,7.9861610679454964e+20,1.5000000000000023e+18
850,7.9861610679454964e+20,1.5000000000000023e+18
851,7.9861610679454964e+20,1.5000000000000023e+18
852,7.9999999999999948e+20,1.5000000000000023e+18
853,7.9632183833166951e+20,1.5000000000000023e+18
854,7.9295640722380764e+20,1.5000000000000023e+18
855,7.9295640722380764e+20,1.5000000000000023e+18
856,7.9295640722380764e+20,1.5000000000000023e+18
857,7.9999999999999948e+20,1.5000000000000023e+18
858,7.8137000386887129e+20,1.5000000000000023e+18
859,7.831711235119393e+20,1.5000000000000023e+18
860,7.6788655239363009e+20,1.5000000000000023e+18
861,7.6967948069911908e+20,1.5000000000000023e+18
862,7.831711235119393e+20,1.5000000000000023e+18
863,7.6967948069911908e+20,1.5000000000000023e+18
864,7.6967948069911908e+20,1.5000000000000023e+18
865,7.9295640722380764e+20,1.5000000000000023e+18
866,7.9999999999999948e+20,1.5000000000000023e+18
867,7.9295640722380764e+20,1.5000000000000023e+18
868,7.9999999999999948e+20,1.5000000000000023e+18
869,7.9295640722380764e+20,1.5000000000000023e+18
870,7.9999999999999948e+20,1.5000000000000023e+18
871,7.6967948069911908e+20,1.5000000000000023e+18
872,7.6967948069911908e+20,1.5000000000000023e+18
873,7.6967948069911908e+20,1.5000000000000023e+18
874,7.6967948069911908e+20,1.5000000000000023e+18
875,7.9999999999999948e+20,1.5000000000000023e+18
876,7.6967948069911908e+20,1.5000000000000023e+18
877,7.9999999999999948e+20,1.5000000000000023e+18
878,1.6249595318782991e+20,1.5000000000000023e+18
879,1.4765519930146551e+20,1.5000000000000023e+18
880,1.6250508424283338e+20,1.5000000000000023e+18
881,1.4766426367185217e+20,1.5000000000000023e+18
882,1.154702057625715e+20,1.5000000000000023e+18
883,1.1547910116288928e+20,1.5000000000000023e+18
884,5.6826067525214552e+19,1.5000000000000023e+18
885,5.6834493092405936e+19,1.5000000000000023e+18
886,3.5760544845272175e+19,1.5000000000000023e+18
887,2.0931765873549296e+19,1.5000000000000023e+18
888,3.5768676987042701e+19,1.5000000000000023e+18
889,2.0939571421268365e+19,1.5000000000000023e+18
890,1.1396014466906448e+19,1.5000000000000023e+18
891,5.770930825594923e+18,1.5000000000000023e+18
892,1.140346512221459e+19,1.5000000000000023e+18
893,5.7780034111187016e+18,1.5000000000000023e+18
894,2.7182248405578153e+18,1.5000000000000023e+18
895,1.190895643952556e+18,1.5000000000000023e+18
896,2.7249014287577318e+18,1.5000000000000023e+18
897,1.1971635664858053e+18,1.5000000000000023e+18
898,4.8530706498952691e+17,1.5000000000000023e+18
899,1.8396282761251978e+17,1.5000000000000023e+18
900,4.9115880869936294e+17,1.5000000000000023e+18
901,1.8939582655662771e+17,1.5000000000000023e+18
902,21288985218098904,1.5000000000000023e+18
903,1860902519581687.5,1.5000000000000023e+18
904,25895009348217788,1.5000000000000023e+18
905,5680199107429221,1.5000000000000023e+18
906,1.6258121513548068e+20,1.5000000000000023e+18
907,1.4773983857623964e+20,1.5000000000000023e+18
908,1.1555326726597509e+20,1.5000000000000023e+18
909,5.6904741924668645e+19,1.5000000000000023e+18
910,1.6311308041891876e+20,1.5000000000000023e+18
911,1.4826781961711688e+20,1.5000000000000023e+18
912,1.1607140614583869e+20,1.5000000000000023e+18
913,5.7044483963625218e+19,1.5000000000000023e+18
914,5.7395513985569726e+19,1.5000000000000023e+18
915,3.583647936167143e+19,1.5000000000000023e+18
916,2.1004650792186327e+19,1.5000000000000023e+18
917,1.1465585549612329e+19,1.5000000000000023e+18
918,5.836971651813676e+18,1.5000000000000023e+18
919,3.5971354800473485e+19,1.5000000000000023e+18
920,3.631015999178059e+19,1.5000000000000023e+18
921,2.1134109513323336e+19,1.5000000000000023e+18
922,2.1459307986602074e+19,1.5000000000000023e+18
923,1.1589158211332438e+19,1.5000000000000023e+18
924,1.1899570986751547e+19,1.5000000000000023e+18
925,5.9542738463554918e+18,1.5000000000000023e+18
926,6.248935297065047e+18,1.5000000000000023e+18
927,1.6597205639300602e+20,1.5000000000000023e+18
928,1.5110591632627394e+20,1.5000000000000023e+18
929,1.1885659753715352e+20,1.5000000000000023e+18
930,5.8220530654106608e+19,1.5000000000000023e+18
931,6.0033598430184841e+19,1.5000000000000023e+18
932,1.7773915075776853e+20,1.5000000000000023e+18
933,1.6278707492839568e+20,1.5000000000000023e+18
934,1.3032000619206284e+20,1.5000000000000023e+18
935,7.0891538085278859e+19,1.5000000000000023e+18
936,3.7106444960989102e+19,1.5000000000000023e+18
937,3.8856371566481449e+19,1.5000000000000023e+18
938,2.2223613442732925e+19,1.5000000000000023e+18
939,2.3903261438268277e+19,1.5000000000000023e+18
940,1.2629126004379822e+19,1.5000000000000023e+18
941,1.423240596681201e+19,1.5000000000000023e+18
942,6.9414703886910874e+18,1.5000000000000023e+18
943,8.4633948616316918e+18,1.5000000000000023e+18
944,2.7352083793755001e+19,1.5000000000000023e+18
945,3.3962188532969742e+19,1.5000000000000023e+18
946,1.7524421788720771e+19,1.5000000000000023e+18
947,2.3833986951261118e+19,1.5000000000000023e+18
948,1.1588363402416216e+19,1.5000000000000023e+18
949,1.7577761298911121e+19,1.5000000000000023e+18
950,2.7805680104724316e+18,1.5000000000000023e+18
951,1.249422865911102e+18,1.5000000000000023e+18
952,2.8913024010667172e+18,1.5000000000000023e+18
953,1.3533793420676795e+18,1.5000000000000023e+18
954,3.1694656213150945e+18,1.5000000000000023e+18
955,1.6145165372804948e+18,1.5000000000000023e+18
956,5.3994818429709894e+17,1.5000000000000023e+18
957,2.3469388458003581e+17,1.5000000000000023e+18
958,6.370021367380544e+17,1.5000000000000023e+18
959,3.2480275593184736e+17,1.5000000000000023e+18
960,8.8080029017466214e+17,1.5000000000000023e+18
961,5.5115496407290554e+17,1.5000000000000023e+18
962,64298099510716304,1.5000000000000023e+18
963,37523886217389040,1.5000000000000023e+18
964,3.3258958702671936e+17,1.5000000000000023e+18
965,2.5999010303939229e+17,1.5000000000000023e+18
966,3.8232253539093079e+18,1.5000000000000023e+18
967,2.2282604490754563e+18,1.5000000000000023e+18
968,5.2599365740181862e+18,1.5000000000000023e+18
969,3.5770323608148925e+18,1.5000000000000023e+18
970,1.4537927061214845e+18,1.5000000000000023e+18
971,1.0831446316294803e+18,1.5000000000000023e+18
972,2.7130085800656471e+18,1.5000000000000023e+18
973,2.2522523117975811e+18,1.5000000000000023e+18
974,7.836033403786967e+17,1.5000000000000023e+18
975,8.9509501723586176e+17,1.5000000000000023e+18
976,1.974542416047829e+18,1.5000000000000023e+18
977,1.7747572575723249e+18,1.5000000000000023e+18
978,6.3396888399837005e+17,1.5000000000000023e+18
979,7.0260019160103501e+17,1.5000000000000023e+18
980,1.607651845291393e+18,1.5000000000000023e+18
981,1.4558297051815969e+18,1.5000000000000023e+18
982,8.2099366856253123e+18,1.5000000000000023e+18
983,6.3464666315811103e+18,1.5000000000000023e+18
984,1.1654438081317272e+19,1.5000000000000023e+18
985,5.2985573783767962e+18,1.5000000000000023e+18
986,4.6527818954081331e+18,1.5000000000000023e+18
987,9.2537008009601905e+18,1.5000000000000023e+18
988,4.190972483829994e+18,1.5000000000000023e+18
989,3.8098942603441275e+18,1.5000000000000023e+18
990,7.7104920181763891e+18,1.5000000000000023e+18
991,3.4659950126778281e+18,1.5000000000000023e+18
992,3.14335708039923e+18,1.5000000000000023e+18
993,6.3777169721850982e+18,1.5000000000000023e+18
994,19279670000647.25,1.5000000000000023e+18
995,7955343125883.7471,1.5000000000000023e+18
996,2476304246080132.5,1.5000000000000023e+18
997,1454453776003200,1.5000000000000023e+18
998,4282911377372.7637,1.5000000000000023e+18
999,2111602071237.7188,1.5000000000000023e+18
1000,783590285718307,1.5000000000000023e+18
1001,386333360806625.88,1.5000000000000023e+18
1002,22961940808348548,1.5000000000000023e+18
1003,1.6607859841967494e+17,1.5000000000000023e+18
1004,2.0948229711254048e+17,1.5000000000000023e+18
1005,13514748765440434,1.5000000000000023e+18
1006,97770324785664528,1.5000000000000023e+18
1007,1.2884519039769701e+17,1.5000000000000023e+18
1008,5.1278391399437581e+17,1.5000000000000023e+18
1009,5.713371463621113e+17,1.5000000000000023e+18
1010,1.3135284070316273e+18,1.5000000000000023e+18
1011,1.179323644610942e+18,1.5000000000000023e+18
1012,4.066661083481223e+17,1.5000000000000023e+18
1013,9.35384470307568e+17,1.5000000000000023e+18
1014,2.8374702202256261e+18,1.5000000000000023e+18
1015,2.5479301204206321e+18,1.5000000000000023e+18
1016,5.171037726261035e+18,1.5000000000000023e+18
1017,2.0210022374402724e+18,1.5000000000000023e+18
1018,4.1017261506575672e+18,1.5000000000000023e+18
1019,7.2569902286934784e+17,1.5000000000000023e+18
1020,8.26182933202736e+17,1.5000000000000023e+18
1021,5.5067574092308621e+17,1.5000000000000023e+18
1022,6.3391332036200269e+17,1.5000000000000023e+18
1023,1.7850647619945733e+18,1.5000000000000023e+18
1024,1.5679584525580613e+18,1.5000000000000023e+18
1025,3.6228832018919685e+18,1.5000000000000023e+18
1026,3.1822552976757688e+18,1.5000000000000023e+18
1027,1.369644772229004e+18,1.5000000000000023e+18
1028,1.1898001575648271e+18,1.5000000000000023e+18
1029,2.7797672591232451e+18,1.5000000000000023e+18
1030,2.4147630289259474e+18,1.5000000000000023e+18
1031,52674188186051752,1.5000000000000023e+18
1032,72563320620326368,1.5000000000000023e+18
1033,25969944453872720,1.5000000000000023e+18
1034,37398065846266504,1.5000000000000023e+18
1035,4.0870133442644237e+17,1.5000000000000023e+18
1036,2.966789673497367e+17,1.5000000000000023e+18
1037,8.8304764235348749e+17,1.5000000000000023e+18
1038,1.027857134039518e+18,1.5000000000000023e+18
1039,2.0860910090723185e+18,1.5000000000000023e+18
1040,1.7921924039180685e+18,1.5000000000000023e+18
1041,6.410100496997609e+17,1.5000000000000023e+18
1042,7.5444600535314138e+17,1.5000000000000023e+18
1043,1.5311885057900321e+18,1.5000000000000023e+18
1044,1.3009641687282002e+18,1.5000000000000023e+18
1045,2.1063864367986246e+17,1.5000000000000023e+18
1046,4.5510973919217325e+17,1.5000000000000023e+18
1047,5.4161933597615283e+17,1.5000000000000023e+18
1048,1.0992454011075615e+18,1.5000000000000023e+18
1049,9.2366954902874227e+17,1.5000000000000023e+18
1050,1.4627157186936794e+17,1.5000000000000023e+18
1051,6.414141036231447e+17,1.5000000000000023e+18
1052,7.7184703862866266e+17,1.5000000000000023e+18
1053,2.1453691747780588e+20,1.5000000000000023e+18
1054,1.9931610545507094e+20,1.5000000000000023e+18
1055,3.0082185522278341e+20,1.5000000000000023e+18
1056,2.849708993684787e+20,1.5000000000000023e+18
1057,1.6616809446464461e+20,1.5000000000000023e+18
1058,2.5022618658771599e+20,1.5000000000000023e+18
1059,1.0484621866342297e+20,1.5000000000000023e+18
1060,1.8446456947601061e+20,1.5000000000000023e+18
1061,4.5773510724656062e+19,1.5000000000000023e+18
1062,6.5418216776706646e+19,1.5000000000000023e+18
1063,2.8279968159571616e+19,1.5000000000000023e+18
1064,4.6079982795858559e+19,1.5000000000000023e+18
1065,1.3917762341040085e+20,1.5000000000000023e+18
1066,7.3577301986446508e+19,1.5000000000000023e+18
1067,1.1291318020613759e+20,1.5000000000000023e+18
1068,4.4874969732790085e+20,1.5000000000000023e+18
1069,4.3181841598857013e+20,1.5000000000000023e+18
1070,6.2369505960623224e+20,1.5000000000000023e+18
1071,6.0548614228798918e+20,1.5000000000000023e+18
1072,3.9433630017429085e+20,1.5000000000000023e+18
1073,5.6476666453706854e+20,1.5000000000000023e+18
1074,3.2096314194395221e+20,1.5000000000000023e+18
1075,4.823917943940403e+20,1.5000000000000023e+18
1076,2.6563155782158424e+20,1.5000000000000023e+18
1077,2.2749274568149877e+20,1.5000000000000023e+18
1078,4.1518102093999112e+20,1.5000000000000023e+18
1079,3.629991068000254e+20,1.5000000000000023e+18
1080,2.1139032267120357e+19,1.5000000000000023e+18
1081,1.7474892100532783e+19,1.5000000000000023e+18
1082,3.6913901649164788e+19,1.5000000000000023e+18
1083,3.1148457503012274e+19,1.5000000000000023e+18
1084,1.4680308484866494e+19,1.5000000000000023e+18
1085,1.2157060609376549e+19,1.5000000000000023e+18
1086,2.6272575083202605e+19,1.5000000000000023e+18
1087,2.1769321208476062e+19,1.5000000000000023e+18
1088,6.1282792768143221e+19,1.5000000000000023e+18
1089,5.2271271165135766e+19,1.5000000000000023e+18
1090,9.6143345055479431e+19,1.5000000000000023e+18
1091,8.2488195953749639e+19,1.5000000000000023e+18
1092,4.4180215122274361e+19,1.5000000000000023e+18
1093,3.6618263933372989e+19,1.5000000000000023e+18
1094,6.9797721428856652e+19,1.5000000000000023e+18
1095,5.7860196598490374e+19,1.5000000000000023e+18
1096,1.7050560573279204e+20,1.5000000000000023e+18
1097,1.1973478856851689e+20,1.5000000000000023e+18
1098,2.7459850279305422e+20,1.5000000000000023e+18
1099,1.9291014727028277e+20,1.5000000000000023e+18
1100,6.9545116749112581e+20,1.5000000000000023e+18
1101,7.4101197102860534e+20,1.5000000000000023e+18
1102,6.7671821121610606e+20,1.5000000000000023e+18
1103,7.2194628160153702e+20,1.5000000000000023e+18
1104,6.3467088750595054e+20,1.5000000000000023e+18
1105,6.7905585574077674e+20,1.5000000000000023e+18
1106,7.5125301580946421e+20,1.5000000000000023e+18
1107,7.5303531843260947e+20,1.5000000000000023e+18
1108,7.5303531843260947e+20,1.5000000000000023e+18
1109,7.5303531843260947e+20,1.5000000000000023e+18
1110,7.3211253544707909e+20,1.5000000000000023e+18
1111,7.338818218123091e+20,1.5000000000000023e+18
1112,7.338818218123091e+20,1.5000000000000023e+18
1113,7.338818218123091e+20,1.5000000000000023e+18
1114,6.9076890404476145e+20,1.5000000000000023e+18
1115,6.9076890404476145e+20,1.5000000000000023e+18
1116,5.9064451212193196e+20,1.5000000000000023e+18
1117,6.0173890607494424e+20,1.5000000000000023e+18
1118,5.1546765265996965e+20,1.5000000000000023e+18
1119,5.2574563388644019e+20,1.5000000000000023e+18
1120,4.5386855059367494e+20,1.5000000000000023e+18
1121,4.6318140138298638e+20,1.5000000000000023e+18
1122,7.338818218123091e+20,1.5000000000000023e+18
1123,6.9076890404476145e+20,1.5000000000000023e+18
1124,6.9076890404476145e+20,1.5000000000000023e+18
1125,6.0173890607494424e+20,1.5000000000000023e+18
1126,6.9076890404476145e+20,1.5000000000000023e+18
1127,6.9076890404476145e+20,1.5000000000000023e+18
1128,6.0173890607494424e+20,1.5000000000000023e+18
1129,4.6318140138298638e+20,1.5000000000000023e+18
1130,3.5155625733096525e+20,1.5000000000000023e+18
1131,2.4701000856950099e+20,1.5000000000000023e+18
1132,3.5155625733096525e+20,1.5000000000000023e+18
1133,2.4701000856950099e+20,1.5000000000000023e+18
1134,9.8581599880670986e+18,1.5000000000000023e+18
1135,7.819685472112255e+18,1.5000000000000023e+18
1136,1.7653827362886128e+19,1.5000000000000023e+18
1137,1.4003431609769105e+19,1.5000000000000023e+18
1138,6.0667754229911767e+18,1.5000000000000023e+18
1139,1.0864337376125592e+19,1.5000000000000023e+18
1140,4.6035984131316731e+18,1.5000000000000023e+18
1141,8.2440907323840819e+18,1.5000000000000023e+18
1142,2.9696511511699005e+19,1.5000000000000023e+18
1143,2.3556032819100668e+19,1.5000000000000023e+18
1144,4.6923992992077275e+19,1.5000000000000023e+18
1145,3.7221363437227221e+19,1.5000000000000023e+18
1146,1.8275572426069045e+19,1.5000000000000023e+18
1147,1.3867893934730662e+19,1.5000000000000023e+18
1148,2.8877603749976044e+19,1.5000000000000023e+18
1149,2.1912941394293015e+19,1.5000000000000023e+18
1150,7.7026440002627961e+19,1.5000000000000023e+18
1151,1.2410151012568292e+20,1.5000000000000023e+18
1152,4.534696864537047e+19,1.5000000000000023e+18
1153,7.3060983321300845e+19,1.5000000000000023e+18
1154,3.9770052601003254e+18,1.5000000000000023e+18
1155,3.416705497336704e+18,1.5000000000000023e+18
1156,6.1186114888928512e+18,1.5000000000000023e+18
1157,2.9191174864321541e+18,1.5000000000000023e+18
1158,2.4802088311208417e+18,1.5000000000000023e+18
1159,4.4415400335208151e+18,1.5000000000000023e+18
1160,2.095644305148478e+18,1.5000000000000023e+18
1161,1.7609196529828165e+18,1.5000000000000023e+18
1162,3.7528646622603238e+18,1.5000000000000023e+18
1163,3.1534421764818253e+18,1.5000000000000023e+18
1164,1.4714792978148995e+18,1.5000000000000023e+18
1165,1.2228168634096799e+18,1.5000000000000023e+18
1166,2.6351144821907886e+18,1.5000000000000023e+18
1167,2.1898115934236531e+18,1.5000000000000023e+18
1168,1.029249409465897e+19,1.5000000000000023e+18
1169,7.4713886720105615e+18,1.5000000000000023e+18
1170,1.6263379356081142e+19,1.5000000000000023e+18
1171,1.1805693272457648e+19,1.5000000000000023e+18
1172,5.3045997508512389e+18,1.5000000000000023e+18
1173,8.3819060071543562e+18,1.5000000000000023e+18
1174,3.6836172610102764e+18,1.5000000000000023e+18
1175,5.8205585903375729e+18,1.5000000000000023e+18
1176,2.4430878224054505e+19,1.5000000000000023e+18
1177,8.6392740044140923e+18,1.5000000000000023e+18
1178,1.2045150999160254e+19,1.5000000000000023e+18
1179,3.9361925170703884e+19,1.5000000000000023e+18
1180,1.9406602085714989e+19,1.5000000000000023e+18
1181,1.5890495775465721e+20,1.5000000000000023e+18
1182,1.5890495775465721e+20,1.5000000000000023e+18
1183,9.3550453774367474e+19,1.5000000000000023e+18
1184,9.3550453774367474e+19,1.5000000000000023e+18
1185,5.0400717233999176e+19,1.5000000000000023e+18
1186,2.4849055526452109e+19,1.5000000000000023e+18
1187,5.0400717233999176e+19,1.5000000000000023e+18
1188,2.4849055526452109e+19,1.5000000000000023e+18
1189,7.6967948069911908e+20,1.5000000000000023e+18
1190,7.9999999999999948e+20,1.5000000000000023e+18
1191,7.6967948069911908e+20,1.5000000000000023e+18
1192,7.9999999999999948e+20,1.5000000000000023e+18
1193,7.6967948069911908e+20,1.5000000000000023e+18
1194,7.9999999999999948e+20,1.5000000000000023e+18
1195,7.6967948069911908e+20,1.5000000000000023e+18
1196,7.9999999999999948e+20,1.5000000000000023e+18
1197,7.6967948069911908e+20,1.5000000000000023e+18
1198,7.9999999999999948e+20,1.5000000000000023e+18
1199,7.6967948069911908e+20,1.5000000000000023e+18
1200,7.9999999999999948e+20,1.5000000000000023e+18
1201,7.6967948069911908e+20,1.5000000000000023e+18
1202,7.9999999999999948e+20,1.5000000000000023e+18
1203,6.0173890607494424e+20,1.5000000000000023e+18
1204,6.0173890607494424e+20,1.5000000000000023e+18
1205,4.6318140138298638e+20,1.5000000000000023e+18
1206,6.0173890607494424e+20,1.5000000000000023e+18
1207,4.6318140138298638e+20,1.5000000000000023e+18
1208,6.0173890607494424e+20,1.5000000000000023e+18
1209,4.6318140138298638e+20,1.5000000000000023e+18
1210,6.0173890607494424e+20,1.5000000000000023e+18
1211,4.6318140138298638e+20,1.5000000000000023e+18
1212,3.5155625733096525e+20,1.5000000000000023e+18
1213,2.4701000856950099e+20,1.5000000000000023e+18
1214,3.5155625733096525e+20,1.5000000000000023e+18
1215,2.4701000856950099e+20,1.5000000000000023e+18
1216,3.5155625733096525e+20,1.5000000000000023e+18
1217,3.5155625733096525e+20,1.5000000000000023e+18
1218,2.4701000856950099e+20,1.5000000000000023e+18
1219,2.4701000856950099e+20,1.5000000000000023e+18
1220,1.5890495775465721e+20,1.5000000000000023e+18
1221,1.5890495775465721e+20,1.5000000000000023e+18
1222,9.3550453774367474e+19,1.5000000000000023e+18
1223,9.3550453774367474e+19,1.5000000000000023e+18
1224,1.5890495775465721e+20,1.5000000000000023e+18
1225,1.5890495775465721e+20,1.5000000000000023e+18
1226,9.3550453774367474e+19,1.5000000000000023e+18
1227,9.3550453774367474e+19,1.5000000000000023e+18
1228,5.0400717233999176e+19,1.5000000000000023e+18
1229,5.0400717233999176e+19,1.5000000000000023e+18
1230,2.4849055526452109e+19,1.5000000000000023e+18
1231,2.4849055526452109e+19,1.5000000000000023e+18
1232,5.0400717233999176e+19,1.5000000000000023e+18
1233,5.0400717233999176e+19,1.5000000000000023e+18
1234,2.4849055526452109e+19,1.5000000000000023e+18
1235,2.4849055526452109e+19,1.5000000000000023e+18
1236,6.0173890607494424e+20,1.5000000000000023e+18
1237,4.6318140138298638e+20,1.5000000000000023e+18
1238,6.0173890607494424e+20,1.5000000000000023e+18
1239,4.6318140138298638e+20,1.5000000000000023e+18
1240,3.5155625733096525e+20,1.5000000000000023e+18
1241,2.4701000856950099e+20,1.5000000000000023e+18
1242,3.5155625733096525e+20,1.5000000000000023e+18
1243,2.4701000856950099e+20,1.5000000000000023e+18
1244,1.5890495775465721e+20,1.5000000000000023e+18
1245,9.3550453774367474e+19,1.5000000000000023e+18
1246,1.5890495775465721e+20,1.5000000000000023e+18
1247,9.3550453774367474e+19,1.5000000000000023e+18
1248,5.0400717233999176e+19,1.5000000000000023e+18
1249,5.0400717233999176e+19,1.5000000000000023e+18
1250,2.4849055526452109e+19,1.5000000000000023e+18
1251,2.4849055526452109e+19,1.5000000000000023e+18
1252,7.6967948069911908e+20,1.5000000000000023e+18
1253,7.9999999999999948e+20,1.5000000000000023e+18
1254,7.6967948069911908e+20,1.5000000000000023e+18
1255,7.9999999999999948e+20,1.5000000000000023e+18
1256,6.0173890607494424e+20,1.5000000000000023e+18
1257,4.6318140138298638e+20,1.5000000000000023e+18
1258,6.0173890607494424e+20,1.5000000000000023e+18
1259,4.6318140138298638e+20,1.5000000000000023e+18
1260,3.5155625733096525e+20,1.5000000000000023e+18
1261,2.4701000856950099e+20,1.5000000000000023e+18
1262,3.5155625733096525e+20,1.5000000000000023e+18
1263,2.4701000856950099e+20,1.5000000000000023e+18
1264,1.5890495775465721e+20,1.5000000000000023e+18
1265,9.3550453774367474e+19,1.5000000000000023e+18
1266,1.5890495775465721e+20,1.5000000000000023e+18
1267,9.3550453774367474e+19,1.5000000000000023e+18
1268,5.0400717233999176e+19,1.5000000000000023e+18
1269,2.4849055526452109e+19,1.5000000000000023e+18
1270,5.0400717233999176e+19,1.5000000000000023e+18
1271,2.4849055526452109e+19,1.5000000000000023e+18
1272,0,1.5000000000000023e+18
1273,0,1.5000000000000023e+18
1274,9.2674359244583052e-17,1.5000000000000023e+18
1275,1.8759453165067707e-11,1.5000000000000023e+18
1276,0.00089536163610877081,1.5000000000000023e+18
1277,0,1.5000000000000023e+18
1278,0,1.5000000000000023e+18
1279,3.8264625261960354e-17,1.5000000000000023e+18
1280,7.7452754503185087e-12,1.5000000000000023e+18
1281,5.8456295380432571e-07,1.5000000000000023e+18
1282,0.043323625915794611,1.5000000000000023e+18
1283,382.71471556773628,1.5000000000000023e+18
1284,1411703.0845522368,1.5000000000000023e+18
1285,1913269478.0100157,1.5000000000000023e+18
1286,0.015739577555421613,1.5000000000000023e+18
1287,158.01820682398954,1.5000000000000023e+18
1288,582882.79253028845,1.5000000000000023e+18
1289,789976215.61952984,1.5000000000000023e+18
1290,0,1.5000000000000023e+18
1291,0,1.5000000000000023e+18
1292,1.4458315200128252e-17,1.5000000000000023e+18
1293,2.9265576986426732e-12,1.5000000000000023e+18
1294,2.1764827041323867e-07,1.5000000000000023e+18
1295,0.0059471915015623222,1.5000000000000023e+18
1296,59.707289049875996,1.5000000000000023e+18
1297,220242.66751440323,1.5000000000000023e+18
1298,298493061.09332818,1.5000000000000023e+18
1299,0,1.5000000000000023e+18
1300,0,1.5000000000000023e+18
1301,4.9994273723641423e-18,1.5000000000000023e+18
1302,1.0119514246907069e-12,1.5000000000000023e+18
1303,7.5258878879752169e-08,1.5000000000000023e+18
1304,0.0020564326873017845,1.5000000000000023e+18
1305,20.64571501408134,1.5000000000000023e+18
1306,76155.983964455212,1.5000000000000023e+18
1307,103213573.6034801,1.5000000000000023e+18
1308,177480332.42640984,1.5000000000000023e+18
1309,952725085436.86548,1.5000000000000023e+18
1310,174308165929895.69,1.5000000000000023e+18
1311,393373837910.20325,1.5000000000000023e+18
1312,71970679956947.469,1.5000000000000023e+18
1313,11717272817460958,1.5000000000000023e+18
1314,65995671114215616,1.5000000000000023e+18
1315,99346459665190896,1.5000000000000023e+18
1316,4.3564323237867629e+17,1.5000000000000023e+18
1317,2.8939700100124032e+17,1.5000000000000023e+18
1318,4837983851272237,1.5000000000000023e+18
1319,27249172745099388,1.5000000000000023e+18
1320,1.1949009289637896e+17,1.5000000000000023e+18
1321,1.8803022623569299e+17,1.5000000000000023e+18
1322,8.305272490483616e+17,1.5000000000000023e+18
1323,1.0105581969766254e+18,1.5000000000000023e+18
1324,1.8097003090047508e+18,1.5000000000000023e+18
1325,1.4873021897564598e+18,1.5000000000000023e+18
1326,5.5171772969374086e+17,1.5000000000000023e+18
1327,6.787957112420311e+17,1.5000000000000023e+18
1328,1.2155824494432527e+18,1.5000000000000023e+18
1329,9.880121193388823e+17,1.5000000000000023e+18
1330,3.0442086047609313e+18,1.5000000000000023e+18
1331,2.5018828263484242e+18,1.5000000000000023e+18
1332,3.9532759635637243e+18,1.5000000000000023e+18
1333,2.0448062775800768e+18,1.5000000000000023e+18
1334,1.6619961771204157e+18,1.5000000000000023e+18
1335,3.2310400080166497e+18,1.5000000000000023e+18
1336,2.6261539786555438e+18,1.5000000000000023e+18
1337,6.4194218212406528e+17,1.5000000000000023e+18
1338,7.98606369183744e+17,1.5000000000000023e+18
1339,1.343385072538912e+18,1.5000000000000023e+18
1340,1.0798505724165029e+18,1.5000000000000023e+18
1341,2.1227100890370744e+18,1.5000000000000023e+18
1342,1.7062938628526226e+18,1.5000000000000023e+18
1343,4.0794361902197222e+17,1.5000000000000023e+18
1344,6.8622714440877235e+17,1.5000000000000023e+18
1345,8.6321594613709133e+17,1.5000000000000023e+18
1346,1.3639850816712215e+18,1.5000000000000023e+18
1347,1.0843214745974552e+18,1.5000000000000023e+18
1348,5.8677245034501704e+18,1.5000000000000023e+18
1349,8.1809684042221455e+18,1.5000000000000023e+18
1350,3.8979186356874747e+18,1.5000000000000023e+18
1351,5.4346023202073672e+18,1.5000000000000023e+18
1352,8.755985269899948e+18,1.5000000000000023e+18
1353,3.1506725353763579e+18,1.5000000000000023e+18
1354,2.5325988879667011e+18,1.5000000000000023e+18
1355,3.5310300391303419e+18,1.5000000000000023e+18
1356,2.0245206152640742e+18,1.5000000000000023e+18
1357,1.6094246252359178e+18,1.5000000000000023e+18
1358,2.8226511277810094e+18,1.5000000000000023e+18
1359,2.2439110766516611e+18,1.5000000000000023e+18
1360,4.6244366005796721e+18,1.5000000000000023e+18
1361,5.6890357727260549e+18,1.5000000000000023e+18
1362,3.6967035231433083e+18,1.5000000000000023e+18
1363,2.9387528274525215e+18,1.5000000000000023e+18
1364,3.6152879597227976e+18,1.5000000000000023e+18
1365,1.0983277175408966e+19,1.5000000000000023e+18
1366,1.1211543535521739e+19,1.5000000000000023e+18
1367,7.1361765497100626e+18,1.5000000000000023e+18
1368,4.1777759633541253e+18,1.5000000000000023e+18
1369,4.5349219427145037e+18,1.5000000000000023e+18
1370,7.2844882985723771e+18,1.5000000000000023e+18
1371,4.6291716014208041e+18,1.5000000000000023e+18
1372,1.1211543535521739e+19,1.5000000000000023e+18
1373,7.2844882985723771e+18,1.5000000000000023e+18
1374,4.6291716014208041e+18,1.5000000000000023e+18
1375,148636577545.26508,1.5000000000000023e+18
1376,27194171349158.773,1.5000000000000023e+18
1377,1828035554404415.5,1.5000000000000023e+18
1378,45149414493441296,1.5000000000000023e+18
1379,74268853004146800,1.5000000000000023e+18
1380,2.5355662499481293e+17,1.5000000000000023e+18
1381,6.7395806843965158e+17,1.5000000000000023e+18
1382,8.5723351945387405e+17,1.5000000000000023e+18
1383,1.5414177944568058e+17,1.5000000000000023e+18
1384,4.0971162139102803e+17,1.5000000000000023e+18
1385,1.2723650394352855e+18,1.5000000000000023e+18
1386,1.0003349902535953e+18,1.5000000000000023e+18
1387,1.7739718659484616e+18,1.5000000000000023e+18
1388,1.3946989065506806e+18,1.5000000000000023e+18
1389,6.0812221113379379e+17,1.5000000000000023e+18
1390,7.8211720485081293e+17,1.5000000000000023e+18
1391,1.0904527193669092e+18,1.5000000000000023e+18
1392,8.4786335695651725e+17,1.5000000000000023e+18
1393,2.323293864503938e+18,1.5000000000000023e+18
1394,1.8265765509686551e+18,1.5000000000000023e+18
1395,2.8581431744703939e+18,1.5000000000000023e+18
1396,2.2470757494611589e+18,1.5000000000000023e+18
1397,1.4281185406975206e+18,1.5000000000000023e+18
1398,1.1104097945215281e+18,1.5000000000000023e+18
1399,1.7568880638785503e+18,1.5000000000000023e+18
1400,1.3660390635751091e+18,1.5000000000000023e+18
1401,3.3028300890982472e+18,1.5000000000000023e+18
1402,3.5851794771886459e+18,1.5000000000000023e+18
1403,2.5966891596249487e+18,1.5000000000000023e+18
1404,2.8186726027639557e+18,1.5000000000000023e+18
1405,2.0302351584017004e+18,1.5000000000000023e+18
1406,1.5785755459558175e+18,1.5000000000000023e+18
1407,2.2037940879229102e+18,1.5000000000000023e+18
1408,1.7135234020160671e+18,1.5000000000000023e+18
1409,2.8772533091512156e+18,1.5000000000000023e+18
1410,2.2495957231592968e+18,1.5000000000000023e+18
1411,1.7491357009410189e+18,1.5000000000000023e+18
1412,2.8772533091512156e+18,1.5000000000000023e+18
1413,2.2495957231592968e+18,1.5000000000000023e+18
1414,1.7491357009410189e+18,1.5000000000000023e+18
1415,88377495600.172012,1.5000000000000023e+18
1416,16169322507635.766,1.5000000000000023e+18
1417,1086927638098595.2,1.5000000000000023e+18
1418,26845291022186532,1.5000000000000023e+18
1419,91650821485140736,1.5000000000000023e+18
1420,2.436095314815631e+17,1.5000000000000023e+18
1421,5.0412920787383238e+17,1.5000000000000023e+18
1422,6.6023611650926413e+17,1.5000000000000023e+18
1423,8.5860805258825997e+17,1.5000000000000023e+18
1424,1.0562696275937571e+18,1.5000000000000023e+18
1425,8.1223016113921933e+17,1.5000000000000023e+18
1426,1.2206103386908628e+18,1.5000000000000023e+18
1427,9.3860176055764621e+17,1.5000000000000023e+18
1428,1.3249567848988403e+18,1.5000000000000023e+18
1429,1.0188401093690976e+18,1.5000000000000023e+18
1430,1.3524934716058586e+18,1.5000000000000023e+18
1431,1.0400147478297649e+18,1.5000000000000023e+18
1432,1.3524934716058586e+18,1.5000000000000023e+18
1433,1.0400147478297649e+18,1.5000000000000023e+18
1434,51395875939.109047,1.5000000000000023e+18
1435,9403259143951.959,1.5000000000000023e+18
1436,632102071496077.62,1.5000000000000023e+18
1437,15611861793047816,1.5000000000000023e+18
1438,53299476510155320,1.5000000000000023e+18
1439,1.4167096694225096e+17,1.5000000000000023e+18
1440,2.9317601782228346e+17,1.5000000000000023e+18
1441,4.7235192978055629e+17,1.5000000000000023e+18
1442,5.9250581278997594e+17,1.5000000000000023e+18
1443,6.0481991021929728e+17,1.5000000000000023e+18
1444,6.0481991021929728e+17,1.5000000000000023e+18
1445,0,1.5000000000000023e+18
1446,0,1.5000000000000023e+18
1447,0,1.5000000000000023e+18
1448,3.2021715364024789e-13,1.5000000000000023e+18
1449,2.3814565989062551e-08,1.5000000000000023e+18
1450,0,1.5000000000000023e+18
1451,0,1.5000000000000023e+18
1452,0,1.5000000000000023e+18
1453,9.2728208828443731e-14,1.5000000000000023e+18
1454,6.8962016028456402e-09,1.5000000000000023e+18
1455,0.00065072789633337301,1.5000000000000023e+18
1456,6.5330330442466451,1.5000000000000023e+18
1457,24098.441706550977,1.5000000000000023e+18
1458,32660418.227531292,1.5000000000000023e+18
1459,0.00018843722635010894,1.5000000000000023e+18
1460,1.8918301081728346,1.5000000000000023e+18
1461,6978.4060897488253,1.5000000000000023e+18
1462,9457775.9104975574,1.5000000000000023e+18
1463,16263469471.470905,1.5000000000000023e+18
1464,2975523137326.7139,1.5000000000000023e+18
1465,200019409238386.22,1.5000000000000023e+18
1466,4940144185204009,1.5000000000000023e+18
1467,44829695063253424,1.5000000000000023e+18
1468,1.4946882506444186e+17,1.5000000000000023e+18
1469,1.9138637032362314e+17,1.5000000000000023e+18
1470,1.9138637032362314e+17,1.5000000000000023e+18
1471,4709561546.8490744,1.5000000000000023e+18
1472,861649439186.13049,1.5000000000000023e+18
1473,57921449050279.344,1.5000000000000023e+18
1474,1430562717957547.8,1.5000000000000023e+18
1475,12981744663844670,1.5000000000000023e+18
1476,43283054222288352,1.5000000000000023e+18
1477,55421501042461080,1.5000000000000023e+18
1478,55421501042461080,1.5000000000000023e+18
1479,0,1.5000000000000023e+18
1480,0,1.5000000000000023e+18
1481,4.43191639725647e-10,1.5000000000000023e+18
1482,0.12158044906597458,1.5000000000000023e+18
1483,607813.90326546202,1.5000000000000023e+18
1484,55374806279.446434,1.5000000000000023e+18
1485,91936615721959.609,1.5000000000000023e+18
1486,2781630943792973,1.5000000000000023e+18
1487,3561720978825433,1.5000000000000023e+18
1488,6.3145585779567457e-13,1.5000000000000023e+18
1489,0,1.5000000000000023e+18
1490,866.00832521168672,1.5000000000000023e+18
1491,2.1767675547087599e-16,1.5000000000000023e+18
1492,0,1.5000000000000023e+18
1493,0.29853216201194149,1.5000000000000023e+18
1494,130990545262.71967,1.5000000000000023e+18
1495,5074711195602.2588,1.5000000000000023e+18
1496,45155328.813777871,1.5000000000000023e+18
1497,1749364827.9178262,1.5000000000000023e+18
1498,5.0243757493638756e-10,1.5000000000000023e+18
1499,0,1.5000000000000023e+18
1500,2.9442275696341369,1.5000000000000023e+18
1501,0,1.5000000000000023e+18
1502,0,1.5000000000000023e+18
1503,1.6979810852409808e-11,1.5000000000000023e+18
1504,1.1211543535521739e+19,1.5000000000000023e+18
1505,1.1211543535521739e+19,1.5000000000000023e+18
1506,1.1211543535521739e+19,1.5000000000000023e+18
1507,1.1211543535521739e+19,1.5000000000000023e+18
1508,1.1211543535521739e+19,1.5000000000000023e+18
1509,1.1211543535521739e+19,1.5000000000000023e+18
1510,7.2844882985723771e+18,1.5000000000000023e+18
1511,7.2844882985723771e+18,1.5000000000000023e+18
1512,7.2844882985723771e+18,1.5000000000000023e+18
1513,7.2844882985723771e+18,1.5000000000000023e+18
1514,4.6291716014208041e+18,1.5000000000000023e+18
1515,4.6291716014208041e+18,1.5000000000000023e+18
1516,4.6291716014208041e+18,1.5000000000000023e+18
1517,4.6291716014208041e+18,1.5000000000000023e+18
1518,7.2844882985723771e+18,1.5000000000000023e+18
1519,7.2844882985723771e+18,1.5000000000000023e+18
1520,4.6291716014208041e+18,1.5000000000000023e+18
1521,4.6291716014208041e+18,1.5000000000000023e+18
1522,2.8772533091512156e+18,1.5000000000000023e+18
1523,2.8772533091512156e+18,1.5000000000000023e+18
1524,2.8772533091512156e+18,1.5000000000000023e+18
1525,2.8772533091512156e+18,1.5000000000000023e+18
1526,2.8772533091512156e+18,1.5000000000000023e+18
1527,2.8772533091512156e+18,1.5000000000000023e+18
1528,2.2495957231592968e+18,1.5000000000000023e+18
1529,2.2495957231592968e+18,1.5000000000000023e+18
1530,2.2495957231592968e+18,1.5000000000000023e+18
1531,2.2495957231592968e+18,1.5000000000000023e+18
1532,1.7491357009410189e+18,1.5000000000000023e+18
1533,1.7491357009410189e+18,1.5000000000000023e+18
1534,1.7491357009410189e+18,1.5000000000000023e+18
1535,1.7491357009410189e+18,1.5000000000000023e+18
1536,2.2495957231592968e+18,1.5000000000000023e+18
1537,2.2495957231592968e+18,1.5000000000000023e+18
1538,1.7491357009410189e+18,1.5000000000000023e+18
1539,1.7491357009410189e+18,1.5000000000000023e+18
1540,1.3524934716058586e+18,1.5000000000000023e+18
1541,1.3524934716058586e+18,1.5000000000000023e+18
1542,1.3524934716058586e+18,1.5000000000000023e+18
1543,1.3524934716058586e+18,1.5000000000000023e+18
1544,1.0400147478297649e+18,1.5000000000000023e+18
1545,1.0400147478297649e+18,1.5000000000000023e+18
1546,1.0400147478297649e+18,1.5000000000000023e+18
1547,1.0400147478297649e+18,1.5000000000000023e+18
1548,1.3524934716058586e+18,1.5000000000000023e+18
1549,1.3524934716058586e+18,1.5000000000000023e+18
1550,1.0400147478297649e+18,1.5000000000000023e+18
1551,1.0400147478297649e+18,1.5000000000000023e+18
1552,6.0481991021929728e+17,1.5000000000000023e+18
1553,6.0481991021929728e+17,1.5000000000000023e+18
1554,6.0481991021929728e+17,1.5000000000000023e+18
1555,6.0481991021929728e+17,1.5000000000000023e+18
1556,6.0481991021929728e+17,1.5000000000000023e+18
1557,6.0481991021929728e+17,1.5000000000000023e+18
1558,1.9138637032362314e+17,1.5000000000000023e+18
1559,1.9138637032362314e+17,1.5000000000000023e+18
1560,1.9138637032362314e+17,1.5000000000000023e+18
1561,1.9138637032362314e+17,1.5000000000000023e+18
1562,1.9138637032362314e+17,1.5000000000000023e+18
1563,1.9138637032362314e+17,1.5000000000000023e+18
1564,55421501042461080,1.5000000000000023e+18
1565,55421501042461080,1.5000000000000023e+18
1566,55421501042461080,1.5000000000000023e+18
1567,55421501042461080,1.5000000000000023e+18
1568,55421501042461080,1.5000000000000023e+18
1569,55421501042461080,1.5000000000000023e+18
1570,3561720978825433,1.5000000000000023e+18
1571,3561720978825433,1.5000000000000023e+18
1572,3561720978825433,1.5000000000000023e+18
1573,3561720978825433,1.5000000000000023e+18
1574,5074711195602.2588,1.5000000000000023e+18
1575,5074711195602.2588,1.5000000000000023e+18
1576,1749364827.9178262,1.5000000000000023e+18
1577,1749364827.9178262,1.5000000000000023e+18
1578,1.1211543535521739e+19,1.5000000000000023e+18
1579,7.2844882985723771e+18,1.5000000000000023e+18
1580,4.6291716014208041e+18,1.5000000000000023e+18
1581,2.8772533091512156e+18,1.5000000000000023e+18
1582,2.2495957231592968e+18,1.5000000000000023e+18
1583,1.7491357009410189e+18,1.5000000000000023e+18
1584,1.3524934716058586e+18,1.5000000000000023e+18
1585,1.0400147478297649e+18,1.5000000000000023e+18
1586,6.0481991021929728e+17,1.5000000000000023e+18
1587,1.9138637032362314e+17,1.5000000000000023e+18
1588,55421501042461080,1.5000000000000023e+18
1589,3561720978825433,1.5000000000000023e+18
1590,1.1211543535521739e+19,1.5000000000000023e+18
1591,7.2844882985723771e+18,1.5000000000000023e+18
1592,4.6291716014208041e+18,1.5000000000000023e+18
1593,2.8772533091512156e+18,1.5000000000000023e+18
1594,2.2495957231592968e+18,1.5000000000000023e+18
1595,1.7491357009410189e+18,1.5000000000000023e+18
1596,1.3524934716058586e+18,1.5000000000000023e+18
1597,1.0400147478297649e+18,1.5000000000000023e+18
1598,6.0481991021929728e+17,1.5000000000000023e+18
1599,1.9138637032362314e+17,1.5000000000000023e+18
1600,55421501042461080,1.5000000000000023e+18
1601,3561720978825433,1.5000000000000023e+18
1602,5074711195602.2588,1.5000000000000023e+18
1603,5074711195602.2588,1.5000000000000023e+18
1604,1749364827.9178262,1.5000000000000023e+18
1605,1749364827.9178262,1.5000000000000023e+18
1606,2.9442275696341369,1.5000000000000023e+18
1607,1.6979810852409808e-11,1.5000000000000023e+18
1608,2.9442275696341369,1.5000000000000023e+18
1609,1.6979810852409808e-11,1.5000000000000023e+18
1610,0,1.5000000000000023e+18
1611,0,1.5000000000000023e+18
1612,0,1.5000000000000023e+18
1613,0,1.5000000000000023e+18
1614,0,1.5000000000000023e+18
1615,0,1.5000000000000023e+18
1616,0,1.5000000000000023e+18
1617,0,1.5000000000000023e+18
1618,0,1.5000000000000023e+18
1619,0,1.5000000000000023e+18
1620,0,1.5000000000000023e+18
1621,0,1.5000000000000023e+18
1622,0,1.5000000000000023e+18
1623,0,1.5000000000000023e+18
1624,0,1.5000000000000023e+18
1625,0,1.5000000000000023e+18
1626,0,1.5000000000000023e+18
1627,0,1.5000000000000023e+18
1628,0,1.5000000000000023e+18
1629,0,1.5000000000000023e+18
1630,0,1.5000000000000023e+18
1631,0,1.5000000000000023e+18
1632,0,1.5000000000000023e+18
1633,0,1.5000000000000023e+18
1634,0,1.5000000000000023e+18
1635,0,1.5000000000000023e+18
1636,0,1.5000000000000023e+18
1637,0,1.5000000000000023e+18
1638,0,1.5000000000000023e+18
1639,0,1.5000000000000023e+18
1640,0,1.5000000000000023e+18
1641,0,1.5000000000000023e+18
1642,0,1.5000000000000023e+18
1643,0,1.5000000000000023e+18
1644,0,1.5000000000000023e+18
1645,7.9999999999999948e+20,1.5000000000000023e+18
1646,0,0
1647,1.0000000000000008e+20,0
1648,0,0
1649,1.0000000000000008e+20,0
1650,0,0
1651,0,1.5000000000000023e+18
1652,0,1.5000000000000023e+18
1653,1.0000000000000008e+20,0
1654,0,0
1655,0,0
1656,0,0
1657,0,0
1658,0,0
1659,0,0
1660,0,0
1661,1.0000000000000008e+20,0
1662,2.0000000000000052e+20,1.5000000000000023e+18
1663,0,0
1664,0,0
1665,1.9428597810768508e+20,1.5000000000000023e+18
1666,1.8639696893257214e+20,1.5000000000000023e+18
1667,1.7561940376438522e+20,1.5000000000000023e+18
1668,1.6249590300546925e+20,1.5000000000000023e+18
1669,1.4765514948558986e+20,1.5000000000000023e+18
1670,1.970125369424101e+20,1.5000000000000023e+18
1671,1.9887506521013076e+20,1.5000000000000023e+18
1672,1.9947402255834163e+20,1.5000000000000023e+18
1673,1.9984849074621373e+20,1.5000000000000023e+18
1674,1.9995111492785e+20,1.5000000000000023e+18
1675,0,0
1676,0,0
1677,0,0
1678,0,0
1679,0,0
1680,1.9984849074621373e+20,1.5000000000000023e+18
1681,1.970125369424101e+20,1.5000000000000023e+18
1682,1.9428597810768508e+20,1.5000000000000023e+18
1683,1.9887506521013076e+20,1.5000000000000023e+18
1684,1.9947402255834163e+20,1.5000000000000023e+18
1685,1.9995111492785e+20,1.5000000000000023e+18
1686,2.0000000000000052e+20,1.5000000000000023e+18
1687,0,0
1688,0,0
1689,0,0
1690,0,0
1691,1.0000000000000008e+20,0
1692,1.0000000000000008e+20,0
1693,0,0
1694,0,0
1695,0,0
1696,1.0000000000000008e+20,0
1697,1.0000000000000008e+20,0
1698,1.0000000000000008e+20,0
1699,1.0000000000000008e+20,0
1700,0,0
1701,0,0
1702,1.0000000000000008e+20,0
1703,0,0
1704,0,0
1705,0,0
1706,0,0
1707,0,0
1708,0,0
1709,0,0
1710,0,0
1711,0,0
1712,0,0
1713,0,0
1714,0,0
1715,0,0
1716,0,0
1717,0,0
1718,0,0
1719,0,0
1720,0,0
1721,0,0
1722,0,0
1723,1.0000000000000008e+20,0
1724,1.0000000000000008e+20,0
1725,1.0000000000000008e+20,0
1726,1.0000000000000008e+20,0
1727,1.0000000000000008e+20,0
1728,1.0000000000000008e+20,0
1729,1.0000000000000008e+20,0
1730,1.0000000000000008e+20,0
1731,1.0000000000000008e+20,0
1732,1.0000000000000008e+20,0
1733,1.0000000000000008e+20,0
1734,1.0000000000000008e+20,0
1735,1.0000000000000008e+20,0
1736,1.0000000000000008e+20,0
1737,1.0000000000000008e+20,0
1738,1.0000000000000008e+20,0
1739,1.0000000000000008e+20,0
1740,1.0000000000000008e+20,0
1741,1.0000000000000008e+20,0
1742,1.0000000000000008e+20,0
1743,1.0000000000000008e+20,0
1744,1.0000000000000008e+20,0
1745,0,0
1746,1.0000000000000008e+20,0
1747,1.0000000000000008e+20,0
1748,0,0
1749,0,0
1750,0,0
1751,0,0
1752,0,0
1753,0,0
1754,0,0
1755,0,0
1756,0,0
1757,0,1.5000000000000023e+18
1758,0,1.5000000000000023e+18
1759,4.9596886506943019e-15,1.5000000000000023e+18
1760,4.959683336084475e-15,1.5000000000000023e+18
1761,0,1.5000000000000023e+18
1762,0,1.5000000000000023e+18
1763,4.959595837669609e-15,1.5000000000000023e+18
1764,4.9594009275917819e-15,1.5000000000000023e+18
1765,0,1.5000000000000023e+18
1766,4.9586889302529762e-15,1.5000000000000023e+18
1767,0,1.5000000000000023e+18
1768,4.9575475296477664e-15,1.5000000000000023e+18
1769,0,1.5000000000000023e+18
1770,4.9539778202312109e-15,1.5000000000000023e+18
1771,0,1.5000000000000023e+18
1772,4.9486955188462177e-15,1.5000000000000023e+18
1773,0,1.5000000000000023e+18
1774,4.9330169125603841e-15,1.5000000000000023e+18
1775,0,1.5000000000000023e+18
1776,4.910576883693285e-15,1.5000000000000023e+18
1777,1.0000000000000008e+20,0
1778,1.0000000000000008e+20,0
1779,1.0000000000000008e+20,0
1780,1.0000000000000008e+20,0
1781,1.0000000000000008e+20,0
1782,1.0000000000000008e+20,0
1783,1.0000000000000008e+20,0
1784,1.0000000000000008e+20,0
1785,1.0000000000000008e+20,0
1786,1.0000000000000008e+20,0
1787,1.0000000000000008e+20,0
1788,1.0000000000000008e+20,0
1789,0,0
1790,0,0
1791,0,0
1792,0,0
1793,0,0
1794,35162944.012883924,1.5000000000000023e+18
1795,35162451.814533427,1.5000000000000023e+18
1796,35154349.297608577,1.5000000000000023e+18
1797,35136306.455842473,1.5000000000000023e+18
1798,35070469.43621859,1.5000000000000023e+18
1799,34965163.917712241,1.5000000000000023e+18
1800,34637704.03171099,1.5000000000000023e+18
1801,34158334.853444643,1.5000000000000023e+18
1802,32771330.913736522,1.5000000000000023e+18
1803,30876476.310715802,1.5000000000000023e+18
1804,1.0000000000000008e+20,0
1805,1.0000000000000008e+20,0
1806,1.0000000000000008e+20,0
1807,1.0000000000000008e+20,0
1808,1.0000000000000008e+20,0
1809,1.0000000000000008e+20,0
1810,1.0000000000000008e+20,0
1811,1.0000000000000008e+20,0
1812,1.0000000000000008e+20,0
1813,1.0000000000000008e+20,0
1814,1.0000000000000008e+20,0
1815,1.0000000000000008e+20,0
1816,1.0000000000000008e+20,0
1817,0,0
1818,0,0
1819,0,0
1820,0,0
1821,0,0
1822,2286753467726375.5,1.5000000000000023e+18
1823,2286721458566819.5,1.5000000000000023e+18
1824,2286194527185074.5,1.5000000000000023e+18
1825,2285021146168927.5,1.5000000000000023e+18
1826,2280739564033079,1.5000000000000023e+18
1827,2273891225067872,1.5000000000000023e+18
1828,2252595510193129,1.5000000000000023e+18
1829,2221420670841791.8,1.5000000000000023e+18
1830,2131219575401218.5,1.5000000000000023e+18
1831,2007991402791226.5,1.5000000000000023e+18
1832,1.0000000000000008e+20,0
1833,1.0000000000000008e+20,0
1834,1.0000000000000008e+20,0
1835,1.0000000000000008e+20,0
1836,1.0000000000000008e+20,0
1837,1.0000000000000008e+20,0
1838,0,0
1839,1.0000000000000008e+20,0
1840,1.0000000000000008e+20,0
1841,0,0
1842,0,0
1843,0,0
1844,0,0
1845,0,0
1846,0,0
1847,0,0
1848,0,0
1849,0,0
1850,7.9831331894750515e+17,1.5000000000000023e+18
1851,7.9830214444235507e+17,1.5000000000000023e+18
1852,3.4359912601793094e+19,1.5000000000000023e+18
1853,3.4359431643989672e+19,1.5000000000000023e+18
1854,7.9811819092652787e+17,1.5000000000000023e+18
1855,7.9770855967129613e+17,1.5000000000000023e+18
1856,3.4351514167759974e+19,1.5000000000000023e+18
1857,3.4333883378200707e+19,1.5000000000000023e+18
1858,7.9621384496179392e+17,1.5000000000000023e+18
1859,3.4269549907163521e+19,1.5000000000000023e+18
1860,7.9382306681899725e+17,1.5000000000000023e+18
1861,3.4166649296479887e+19,1.5000000000000023e+18
1862,7.8638866120381478e+17,1.5000000000000023e+18
1863,3.3846667753993634e+19,1.5000000000000023e+18
1864,7.755054200405399e+17,1.5000000000000023e+18
1865,3.337824613766964e+19,1.5000000000000023e+18
1866,7.4401591455158144e+17,1.5000000000000023e+18
1867,3.2022917808811524e+19,1.5000000000000023e+18
1868,7.0099654545363981e+17,1.5000000000000023e+18
1869,3.0171336822616367e+19,1.5000000000000023e+18
1870,1.0000000000000008e+20,0
1871,0,0
1872,1.0000000000000008e+20,0
1873,0,0
1874,0,0
1875,0,0
1876,0,0
1877,0,0
1878,0,0
1879,0,0
1880,1.0000000000000008e+20,0
1881,0,0
1882,1.0000000000000008e+20,0
1883,0,0
1884,0,0
1885,0,0
1886,0,0
1887,1.0000000000000008e+20,0
1888,1.0000000000000008e+20,0
1889,0,0
1890,1.0000000000000008e+20,0
1891,1.0000000000000008e+20,0
1892,0,0
1893,1.0000000000000008e+20,0
1894,1.0000000000000008e+20,0
1895,0,0
1896,0,0
1897,0,0
1898,0,0
1899,1.0000000000000008e+20,0
1900,1.0000000000000008e+20,0
1901,1.0000000000000008e+20,0
1902,1.0000000000000008e+20,0
1903,0,0
1904,1.0000000000000008e+20,0
1905,0,0
1906,1.0000000000000008e+20,0
1907,0,0
1908,1.0000000000000008e+20,0
1909,0,0
1910,0,0
1911,0,0
1912,0,0
1913,0,0
1914,0,0
1915,0,0
1916,0,0
1917,0,0
1918,0,0
1919,0,0
1920,1.8232884156743182e+20,1.5000000000000023e+18
1921,1.823262893933296e+20,1.5000000000000023e+18
1922,2.0000000000000052e+20,1.5000000000000023e+18
1923,1.9999720047132305e+20,1.5000000000000023e+18
1924,1.8228427577455739e+20,1.5000000000000023e+18
1925,1.8219071903378463e+20,1.5000000000000023e+18
1926,1.9995111492785e+20,1.5000000000000023e+18
1927,1.9984849074621373e+20,1.5000000000000023e+18
1928,1.8184933727929175e+20,1.5000000000000023e+18
1929,1.9947402255834163e+20,1.5000000000000023e+18
1930,1.8130330128205254e+20,1.5000000000000023e+18
1931,1.9887506521013076e+20,1.5000000000000023e+18
1932,1.7960533817485332e+20,1.5000000000000023e+18
1933,1.970125369424101e+20,1.5000000000000023e+18
1934,1.77119686605849e+20,1.5000000000000023e+18
1935,1.9428597810768508e+20,1.5000000000000023e+18
1936,1.6992771708578306e+20,1.5000000000000023e+18
1937,1.8639696893257214e+20,1.5000000000000023e+18
1938,1.6010241222561785e+20,1.5000000000000023e+18
1939,1.7561940376438522e+20,1.5000000000000023e+18
1940,0,0
1941,0,0
1942,0,0
1943,0,0
1944,0,0
1945,0,0
1946,0,0
1947,0,0
1948,2.0000000000000052e+20,1.5000000000000023e+18
1949,1.9999720047132305e+20,1.5000000000000023e+18
1950,1.9995111492785e+20,1.5000000000000023e+18
1951,1.9984849074621373e+20,1.5000000000000023e+18
1952,1.9947402255834163e+20,1.5000000000000023e+18
1953,1.9887506521013076e+20,1.5000000000000023e+18
1954,1.970125369424101e+20,1.5000000000000023e+18
1955,1.9428597810768508e+20,1.5000000000000023e+18
1956,1.8639696893257214e+20,1.5000000000000023e+18
1957,1.7561940376438522e+20,1.5000000000000023e+18
1958,0,0
1959,0,0
1960,0,0
1961,0,0
1962,0,0
1963,0,0
1964,0,0
1965,2.0000000000000052e+20,1.5000000000000023e+18
1966,1.9999720047132305e+20,1.5000000000000023e+18
1967,1.9995111492785e+20,1.5000000000000023e+18
1968,1.9984849074621373e+20,1.5000000000000023e+18
1969,1.9947402255834163e+20,1.5000000000000023e+18
1970,1.9887506521013076e+20,1.5000000000000023e+18
1971,1.970125369424101e+20,1.5000000000000023e+18
1972,1.9428597810768508e+20,1.5000000000000023e+18
1973,1.8639696893257214e+20,1.5000000000000023e+18
1974,1.7561940376438522e+20,1.5000000000000023e+18
1975,0,0
1976,0,0
1977,0,0
1978,0,0
1979,0,0
1980,0,0
1981,0,0
1982,0,0
1983,0,0
1984,0,0
1985,0,0
1986,0,0
1987,0,0
1988,0,0
1989,0,0
1990,0,0
1991,0,0
1992,0,0
1993,0,0
1994,0,0
1995,0,0
1996,0,0
1997,0,0
1998,0,0
1999,2.0000000000007586e+20,1.5000000000000023e+18
2000,1.9999720047139979e+20,1.5000000000000023e+18
2001,2.0000000010239115e+20,1.5000000000000023e+18
2002,1.9999720057371509e+20,1.5000000000000023e+18
2003,1.999511149279253e+20,1.5000000000000023e+18
2004,1.9984849074629041e+20,1.5000000000000023e+18
2005,1.9995111503023977e+20,1.5000000000000023e+18
2006,1.9984849084859921e+20,1.5000000000000023e+18
2007,1.9947402255841673e+20,1.5000000000000023e+18
2008,1.9947402266071243e+20,1.5000000000000023e+18
2009,1.9887506521020567e+20,1.5000000000000023e+18
2010,1.9887506531247679e+20,1.5000000000000023e+18
2011,1.970125369424857e+20,1.5000000000000023e+18
2012,1.9701253704468234e+20,1.5000000000000023e+18
2013,1.94285978107761e+20,1.5000000000000023e+18
2014,1.9428597820984925e+20,1.5000000000000023e+18
2015,1.8639696893264763e+20,1.5000000000000023e+18
2016,1.8639696903441288e+20,1.5000000000000023e+18
2017,1.7561940376446006e+20,1.5000000000000023e+18
2018,1.7561940386576312e+20,1.5000000000000023e+18
2019,0,1.5000000000000023e+18
2020,0,1.5000000000000023e+18
2021,4.8814684484776352e-15,1.5000000000000023e+18
2022,4.8458118046825918e-15,1.5000000000000023e+18
2023,0,1.5000000000000023e+18
2024,4.7554653264005373e-15,1.5000000000000023e+18
2025,0,1.5000000000000023e+18
2026,4.5042664239439093e-15,1.5000000000000023e+18
2027,0,1.5000000000000023e+18
2028,0,1.5000000000000023e+18
2029,4.1727908300411118e-15,1.5000000000000023e+18
2030,3.7809476377673253e-15,1.5000000000000023e+18
2031,0,1.5000000000000023e+18
2032,0,1.5000000000000023e+18
2033,3.3507792289752663e-15,1.5000000000000023e+18
2034,2.9044355909316454e-15,1.5000000000000023e+18
2035,0,1.5000000000000023e+18
2036,0,1.5000000000000023e+18
2037,2.4623417340378885e-15,1.5000000000000023e+18
2038,2.0417638032192451e-15,1.5000000000000023e+18
2039,28569171.698521782,1.5000000000000023e+18
2040,25959948.772879131,1.5000000000000023e+18
2041,20301353.30682895,1.5000000000000023e+18
2042,9990851.0131809078,1.5000000000000023e+18
2043,3680105.0154736326,1.5000000000000023e+18
2044,1014607.7537926394,1.5000000000000023e+18
2045,1857940348445422.8,1.5000000000000023e+18
2046,1688254625569140.5,1.5000000000000023e+18
2047,1320258908267725,1.5000000000000023e+18
2048,649735505410408,1.5000000000000023e+18
2049,6.4861321821833843e+17,1.5000000000000023e+18
2050,5.8937536222765478e+17,1.5000000000000023e+18
2051,2.791672512708678e+19,1.5000000000000023e+18
2052,2.5367090157647745e+19,1.5000000000000023e+18
2053,4.6090682087262611e+17,1.5000000000000023e+18
2054,1.9837722491756544e+19,1.5000000000000023e+18
2055,2.2682484801386659e+17,1.5000000000000023e+18
2056,9.7626856131457679e+18,1.5000000000000023e+18
2057,239328450503121.62,1.5000000000000023e+18
2058,65983035963008.617,1.5000000000000023e+18
2059,83550366200897424,1.5000000000000023e+18
2060,1.4274041782074021e+17,1.5000000000000023e+18
2061,6.1436382992209265e+18,1.5000000000000023e+18
2062,3.5960608602841283e+18,1.5000000000000023e+18
2063,23034899554010392,1.5000000000000023e+18
2064,45487787215628448,1.5000000000000023e+18
2065,1.9578232707410588e+18,1.5000000000000023e+18
2066,9.9143671623863398e+17,1.5000000000000023e+18
2067,209370.92794517719,1.5000000000000023e+18
2068,32338.123453885921,1.5000000000000023e+18
2069,13616029856438.951,1.5000000000000023e+18
2070,4753401771984450,1.5000000000000023e+18
2071,2.0458943320891034e+17,1.5000000000000023e+18
2072,4.6698353590490298e+17,1.5000000000000023e+18
2073,2103046773354.364,1.5000000000000023e+18
2074,31599603695707652,1.5000000000000023e+18
2075,83370016624298400,1.5000000000000023e+18
2076,3738.4664482859739,1.5000000000000023e+18
2077,323.48369548187293,1.5000000000000023e+18
2078,243123872434.0914,1.5000000000000023e+18
2079,3653089467729373.5,1.5000000000000023e+18
2080,21037131081.064419,1.5000000000000023e+18
2081,316096157954674.44,1.5000000000000023e+18
2082,1.4813844877220551e+20,1.5000000000000023e+18
2083,1.3460896178586848e+20,1.5000000000000023e+18
2084,1.6249590300546925e+20,1.5000000000000023e+18
2085,1.4765514948558986e+20,1.5000000000000023e+18
2086,1.052676996934337e+20,1.5000000000000023e+18
2087,1.1547015687531959e+20,1.5000000000000023e+18
2088,5.1805113099705885e+19,1.5000000000000023e+18
2089,5.6826021220067492e+19,1.5000000000000023e+18
2090,1.6249590300546925e+20,1.5000000000000023e+18
2091,1.4765514948558986e+20,1.5000000000000023e+18
2092,1.1547015687531959e+20,1.5000000000000023e+18
2093,5.6826021220067492e+19,1.5000000000000023e+18
2094,3.2600852833595683e+19,1.5000000000000023e+18
2095,1.9082284011030217e+19,1.5000000000000023e+18
2096,3.576050015272933e+19,1.5000000000000023e+18
2097,2.0931722975898808e+19,1.5000000000000023e+18
2098,1.038907325187293e+19,1.5000000000000023e+18
2099,5.2610002258788219e+18,1.5000000000000023e+18
2100,1.1395973519670092e+19,1.5000000000000023e+18
2101,5.770891956150656e+18,1.5000000000000023e+18
2102,3.576050015272933e+19,1.5000000000000023e+18
2103,2.0931722975898808e+19,1.5000000000000023e+18
2104,1.1395973519670092e+19,1.5000000000000023e+18
2105,5.770891956150656e+18,1.5000000000000023e+18
2106,1.6249590300546925e+20,1.5000000000000023e+18
2107,1.4765514948558986e+20,1.5000000000000023e+18
2108,1.1547015687531959e+20,1.5000000000000023e+18
2109,5.6826021220067492e+19,1.5000000000000023e+18
2110,3.576050015272933e+19,1.5000000000000023e+18
2111,2.0931722975898808e+19,1.5000000000000023e+18
2112,1.1395973519670092e+19,1.5000000000000023e+18
2113,5.770891956150656e+18,1.5000000000000023e+18
2114,2.4780204804176783e+18,1.5000000000000023e+18
2115,1.085641712370703e+18,1.5000000000000023e+18
2116,2.7181881474316539e+18,1.5000000000000023e+18
2117,1.1908611967670387e+18,1.5000000000000023e+18
2118,2.7181881474316539e+18,1.5000000000000023e+18
2119,1.1908611967670387e+18,1.5000000000000023e+18
2120,2.7181881474316539e+18,1.5000000000000023e+18
2121,1.1908611967670472e+18,1.5000000000000023e+18
2122,4.4239805638425018e+17,1.5000000000000023e+18
2123,1.6768142581153382e+17,1.5000000000000023e+18
2124,4.8527490503539814e+17,1.5000000000000023e+18
2125,1.8393296899165389e+17,1.5000000000000023e+18
2126,4.8527490503539814e+17,1.5000000000000023e+18
2127,1.8393296899165389e+17,1.5000000000000023e+18
2128,4.8527490503541197e+17,1.5000000000000023e+18
2129,1.8393296899166694e+17,1.5000000000000023e+18
2130,21263671477084864,1.5000000000000023e+18
2131,21263671477084864,1.5000000000000023e+18
2132,21263671477095140,1.5000000000000023e+18
2133,1839912467869197,1.5000000000000023e+18
2134,1839912467869197,1.5000000000000023e+18
2135,1839912467877629.2,1.5000000000000023e+18
2136,1.6249590300554428e+20,1.5000000000000023e+18
2137,1.4765514948566437e+20,1.5000000000000023e+18
2138,1.6249590310624644e+20,1.5000000000000023e+18
2139,1.4765514958563079e+20,1.5000000000000023e+18
2140,1.154701568753918e+20,1.5000000000000023e+18
2141,1.154701569734956e+20,1.5000000000000023e+18
2142,5.6826021220136133e+19,1.5000000000000023e+18
2143,5.6826021313057661e+19,1.5000000000000023e+18
2144,3.5760500152795648e+19,1.5000000000000023e+18
2145,2.0931722975962317e+19,1.5000000000000023e+18
2146,3.5760500242481304e+19,1.5000000000000023e+18
2147,2.0931723062046122e+19,1.5000000000000023e+18
2148,1.1395973519730741e+19,1.5000000000000023e+18
2149,5.7708919562082673e+18,1.5000000000000023e+18
2150,1.1395973601900626e+19,1.5000000000000023e+18
2151,5.7708920342085499e+18,1.5000000000000023e+18
2152,2.7181881474860221e+18,1.5000000000000023e+18
2153,1.1908611968180787e+18,1.5000000000000023e+18
2154,2.7181882211190446e+18,1.5000000000000023e+18
2155,1.1908612659441277e+18,1.5000000000000023e+18
2156,4.8527490508305069e+17,1.5000000000000023e+18
2157,1.8393296903589712e+17,1.5000000000000023e+18
2158,4.8527496961925235e+17,1.5000000000000023e+18
2159,1.8393302895395504e+17,1.5000000000000023e+18
2160,21263671514593688,1.5000000000000023e+18
2161,21263722312324628,1.5000000000000023e+18
2162,1839912498971267,1.5000000000000023e+18
2163,1839954620244428.2,1.5000000000000023e+18
2164,0,1.5000000000000023e+18
2165,0,1.5000000000000023e+18
2166,1.6558967889995356e-15,1.5000000000000023e+18
2167,1.3135046533738584e-15,1.5000000000000023e+18
2168,20.950362421440744,1.5000000000000023e+18
2169,1.0155724724535442,1.5000000000000023e+18
2170,1362465949.9225514,1.5000000000000023e+18
2171,20471909903258.312,1.5000000000000023e+18
2172,66045774.541849479,1.5000000000000023e+18
2173,992379402941.04797,1.5000000000000023e+18
2174,0,1.5000000000000023e+18
2175,7.73285884551364e-16,1.5000000000000023e+18
2176,0.0010006690246068702,1.5000000000000023e+18
2177,977816158.91100764,1.5000000000000023e+18
2178,119161594736943.69,1.5000000000000023e+18
2179,119161594736944.53,1.5000000000000023e+18
2180,5776379087118.2979,1.5000000000000023e+18
2181,5776379087118.8525,1.5000000000000023e+18
2182,119161594743781.59,1.5000000000000023e+18
2183,5776379092542.5645,1.5000000000000023e+18
2184,5691610280.2579088,1.5000000000000023e+18
2185,5691613473.3135433,1.5000000000000023e+18
2186,119161619961122.23,1.5000000000000023e+18
2187,5776399095657.6582,1.5000000000000023e+18
2188,119195780857148.2,1.5000000000000023e+18
2189,5803496494597.5273,1.5000000000000023e+18
2190,5703389698.468709,1.5000000000000023e+18
2191,21656158540.580215,1.5000000000000023e+18
2192,0,1.5000000000000023e+18
2193,4.1661116155232056e-16,1.5000000000000023e+18
2194,3.0953455084535289e-07,1.5000000000000023e+18
2195,302383.17411313247,1.5000000000000023e+18
2196,0,1.5000000000000023e+18
2197,2.0540171756465012e-16,1.5000000000000023e+18
2198,7.1610003044138507e-11,1.5000000000000023e+18
2199,29.348034591532208,1.5000000000000023e+18
2200,1760092.9725980631,1.5000000000000023e+18
2201,1761813.2453292587,1.5000000000000023e+18
2202,170.91164899502448,1.5000000000000023e+18
2203,1019.0573692180596,1.5000000000000023e+18
2204,8106306.1923843278,1.5000000000000023e+18
2205,8602730480.8514442,1.5000000000000023e+18
2206,3129043.1447369717,1.5000000000000023e+18
2207,4240534879.1281424,1.5000000000000023e+18
2208,0,0
2209,0,0
2210,0,0
2211,0,0
2212,0,0
2213,0,0
2214,0,0
2215,0,0
2216,0,0
2217,0,0
2218,0,0
2219,0,0
2220,0,0
2221,0,0
2222,0,0
2223,0,0
2224,0,0
2225,0,0
2226,0,0
2227,0,0
2228,0,0
2229,0,0
2230,0,0
2231,0,0
2232,2.0000005098629421e+20,1.5000000000000023e+18
2233,1.9999725145756241e+20,1.5000000000000023e+18
2234,2.0000932832301092e+20,1.5000000000000023e+18
2235,2.0000652878434193e+20,1.5000000000000023e+18
2236,1.9995116591319076e+20,1.5000000000000023e+18
2237,1.9984854172955073e+20,1.5000000000000023e+18
2238,1.9996044307633989e+20,1.5000000000000023e+18
2239,1.9985781852820252e+20,1.5000000000000023e+18
2240,1.9947407353436101e+20,1.5000000000000023e+18
2241,1.9887511617441858e+20,1.5000000000000023e+18
2242,1.9948334900151933e+20,1.5000000000000023e+18
2243,1.9888438950706292e+20,1.5000000000000023e+18
2244,1.9701258787000946e+20,1.5000000000000023e+18
2245,1.9428602898099562e+20,1.5000000000000023e+18
2246,1.9702185452698803e+20,1.5000000000000023e+18
2247,1.9429528575958578e+20,1.5000000000000023e+18
2248,1.8639701964474221e+20,1.5000000000000023e+18
2249,1.7561945424592175e+20,1.5000000000000023e+18
2250,1.8640624710270389e+20,1.5000000000000023e+18
2251,1.7562863973819603e+20,1.5000000000000023e+18
2252,0,0
2253,0,0
2254,0,0
2255,0,0
2256,0,0
2257,0,0
2258,0,0
2259,0,0
2260,0,0
2261,0,0
2262,0,0
2263,0,0
2264,0,0
2265,0,0
2266,0,0
2267,0,0
2268,0,0
2269,0,0
2270,0,0
2271,0,0
2272,2.00086678851012e+20,1.5000000000000023e+18
2273,2.0008387922947624e+20,1.5000000000000023e+18
2274,2.0062706474520737e+20,1.5000000000000023e+18
2275,2.0062426454475964e+20,1.5000000000000023e+18
2276,2.0003779215720363e+20,1.5000000000000023e+18
2277,1.9993516457003768e+20,1.5000000000000023e+18
2278,2.0057816794142137e+20,1.5000000000000023e+18
2279,2.0047551912300223e+20,1.5000000000000023e+18
2280,1.9956068394191985e+20,1.5000000000000023e+18
2281,2.0010096093809787e+20,1.5000000000000023e+18
2282,1.9896170665077912e+20,1.5000000000000023e+18
2283,1.9950185931584868e+20,1.5000000000000023e+18
2284,1.970991160118178e+20,1.5000000000000023e+18
2285,1.9763887983303541e+20,1.5000000000000023e+18
2286,1.9437246488256846e+20,1.5000000000000023e+18
2287,1.9491165330784616e+20,1.5000000000000023e+18
2288,1.8648318176262655e+20,1.5000000000000023e+18
2289,1.8702066232121839e+20,1.5000000000000023e+18
2290,1.7570522450588638e+20,1.5000000000000023e+18
2291,1.7624026064901987e+20,1.5000000000000023e+18
2292,0,0
2293,0,0
2294,0,0
2295,0,0
2296,0,0
2297,0,0
2298,0,0
2299,0,0
2300,0,0
2301,0,0
2302,0,0
2303,0,0
2304,0,0
2305,0,0
2306,2.0353184220737123e+20,1.5000000000000023e+18
2307,2.035290388950539e+20,1.5000000000000023e+18
2308,2.1548744827602095e+20,1.5000000000000023e+18
2309,2.1548463215573559e+20,1.5000000000000023e+18
2310,2.0348289105865163e+20,1.5000000000000023e+18
2311,2.0338012811426687e+20,1.5000000000000023e+18
2312,2.1543827345212408e+20,1.5000000000000023e+18
2313,2.1533504078325449e+20,1.5000000000000023e+18
2314,2.0300515303245329e+20,1.5000000000000023e+18
2315,2.1495834981949696e+20,1.5000000000000023e+18
2316,2.024053830837307e+20,1.5000000000000023e+18
2317,2.1435582914437166e+20,1.5000000000000023e+18
2318,2.0054031341893678e+20,1.5000000000000023e+18
2319,2.1248215662008346e+20,1.5000000000000023e+18
2320,1.9780999392411383e+20,1.5000000000000023e+18
2321,2.097391069498834e+20,1.5000000000000023e+18
2322,1.899098225115908e+20,1.5000000000000023e+18
2323,2.0180115035176242e+20,1.5000000000000023e+18
2324,1.7911628118677245e+20,1.5000000000000023e+18
2325,1.90953528288345e+20,1.5000000000000023e+18
2326,0,0
2327,0,0
2328,0,0
2329,0,0
2330,0,0
2331,0,0
2332,0,0
2333,0,0
2334,0,0
2335,0,0
2336,0,0
2337,0,0
2338,0,0
2339,0,0
2340,0,0
2341,0,0
2342,0,0
2343,0,0
2344,0,0
2345,0,0
2346,0,0
2347,0,0
2348,0,0
2349,0,0
2350,0,0
2351,0,0
2352,0,0
2353,0,0
2354,0,0
2355,2.5287472413812857e+20,1.5000000000000023e+18
2356,2.5287186796508227e+20,1.5000000000000023e+18
2357,3.405419674999284e+20,1.5000000000000023e+18
2358,3.4053901740949786e+20,1.5000000000000023e+18
2359,2.528248498427461e+20,1.5000000000000023e+18
2360,2.5272014826307269e+20,1.5000000000000023e+18
2361,3.4049045305464042e+20,1.5000000000000023e+18
2362,3.4038230711166442e+20,1.5000000000000023e+18
2363,2.5233809143570353e+20,1.5000000000000023e+18
2364,3.3998766818355832e+20,1.5000000000000023e+18
2365,2.5172696875694627e+20,1.5000000000000023e+18
2366,3.3935637516801481e+20,1.5000000000000023e+18
2367,2.4982639358302988e+20,1.5000000000000023e+18
2368,3.3739271753950108e+20,1.5000000000000023e+18
2369,2.4704353442296883e+20,1.5000000000000023e+18
2370,3.3451651142769666e+20,1.5000000000000023e+18
2371,2.3898741692615324e+20,1.5000000000000023e+18
2372,3.2618332532872321e+20,1.5000000000000023e+18
2373,2.2797067491338469e+20,1.5000000000000023e+18
2374,3.1477002380699697e+20,1.5000000000000023e+18
2375,0,0
2376,0,0
2377,0,0
2378,0,0
2379,0,0
2380,0,0
2381,0,0
2382,0,0
2383,0,0
2384,0,0
2385,0,0
2386,0,0
2387,0,0
2388,0,0
2389,4.9083964949101766e+20,1.5000000000000023e+18
2390,4.9083653838759186e+20,1.5000000000000023e+18
2391,6.6858767887712689e+20,1.5000000000000023e+18
2392,6.6858437735331765e+20,1.5000000000000023e+18
2393,4.907853231547699e+20,1.5000000000000023e+18
2394,4.9067127215763587e+20,1.5000000000000023e+18
2395,6.6853002708655276e+20,1.5000000000000023e+18
2396,6.6840899253700212e+20,1.5000000000000023e+18
2397,4.9025506233824897e+20,1.5000000000000023e+18
2398,4.8958918907644582e+20,1.5000000000000023e+18
2399,6.6796727212180177e+20,1.5000000000000023e+18
2400,6.6726050288244975e+20,1.5000000000000023e+18
2401,4.8751738219700892e+20,1.5000000000000023e+18
2402,4.8448114104896743e+20,1.5000000000000023e+18
2403,6.6506079438818509e+20,1.5000000000000023e+18
2404,6.6183528942751318e+20,1.5000000000000023e+18
2405,4.7567294550450943e+20,1.5000000000000023e+18
2406,4.6357977801822739e+20,1.5000000000000023e+18
2407,6.5246532877958342e+20,1.5000000000000023e+18
2408,6.3956812470507379e+20,1.5000000000000023e+18
2409,0,0
2410,0,0
2411,0,0
2412,0,0
2413,0,0
2414,0,0
2415,0,0
2416,0,0
2417,0,0
2418,0,0
2419,0,0
2420,0,0
2421,0,0
2422,0,0
2423,0,0
2424,0,0
2425,0,0
2426,0,0
2427,0,0
2428,0,0
2429,0,0
2430,0,0
2431,0,0
2432,0,0
2433,0,0
2434,0,0
2435,0,0
2436,0,0
2437,0,0
2438,0,0
2439,0,0
2440,0,0
2441,0,0
2442,0,0
2443,7.4149333700291618e+20,1.5000000000000023e+18
2444,7.4148995737571977e+20,1.5000000000000023e+18
2445,7.8778403565630954e+20,1.5000000000000023e+18
2446,7.8778060643816885e+20,1.5000000000000023e+18
2447,7.4143432123414662e+20,1.5000000000000023e+18
2448,7.4131042229005556e+20,1.5000000000000023e+18
2449,7.8772415384359718e+20,1.5000000000000023e+18
2450,7.8759843618161662e+20,1.5000000000000023e+18
2451,7.4085823837333029e+20,1.5000000000000023e+18
2452,7.4013469511871575e+20,1.5000000000000023e+18
2453,7.871396085720896e+20,1.5000000000000023e+18
2454,7.8640541482880847e+20,1.5000000000000023e+18
2455,7.3788252611934093e+20,1.5000000000000023e+18
2456,7.3457939215277936e+20,1.5000000000000023e+18
2457,7.8411993657064633e+20,1.5000000000000023e+18
2458,7.8076751286429811e+20,1.5000000000000023e+18
2459,7.2497901626636789e+20,1.5000000000000023e+18
2460,7.1175202616371446e+20,1.5000000000000023e+18
2461,7.7102083718930943e+20,1.5000000000000023e+18
2462,7.5758445283604221e+20,1.5000000000000023e+18
2463,7.981891444568317e+20,1.5000000000000023e+18
2464,7.9818570409175915e+20,1.5000000000000023e+18
2465,7.9812906797690297e+20,1.5000000000000023e+18
2466,7.9800294150801274e+20,1.5000000000000023e+18
2467,7.9754262054563899e+20,1.5000000000000023e+18
2468,7.9680603281184666e+20,1.5000000000000023e+18
2469,7.9993058006009669e+20,1.5000000000000023e+18
2470,7.9992713782943731e+20,1.5000000000000023e+18
2471,7.9987047099997697e+20,1.5000000000000023e+18
2472,7.9974427611172477e+20,1.5000000000000023e+18
2473,7.9928370521657259e+20,1.5000000000000023e+18
2474,7.9854671681610632e+20,1.5000000000000023e+18
2475,7.9999999999999948e+20,1.5000000000000023e+18
2476,7.9999655769496918e+20,1.5000000000000023e+18
2477,7.9993988964111745e+20,1.5000000000000023e+18
2478,7.9981369202542458e+20,1.5000000000000023e+18
2479,7.9999999999999948e+20,1.5000000000000023e+18
2480,7.9999655769496918e+20,1.5000000000000023e+18
2481,7.9999999999999948e+20,1.5000000000000023e+18
2482,7.9999655769496918e+20,1.5000000000000023e+18
2483,7.9981369202542458e+20,1.5000000000000023e+18
2484,7.9981369202542458e+20,1.5000000000000023e+18
2485,7.9935311116704101e+20,1.5000000000000023e+18
2486,7.9861610679454964e+20,1.5000000000000023e+18
2487,7.9935311116704101e+20,1.5000000000000023e+18
2488,7.9861610679454964e+20,1.5000000000000023e+18
2489,7.945130673808478e+20,1.5000000000000023e+18
2490,7.9114956444864872e+20,1.5000000000000023e+18
2491,7.9625249830552719e+20,1.5000000000000023e+18
2492,7.9288714111512543e+20,1.5000000000000023e+18
2493,7.9632183833166951e+20,1.5000000000000023e+18
2494,7.9295640722380764e+20,1.5000000000000023e+18
2495,7.9981369202542458e+20,1.5000000000000023e+18
2496,7.9999999999999948e+20,1.5000000000000023e+18
2497,7.9981369202542458e+20,1.5000000000000023e+18
2498,7.9999999999999948e+20,1.5000000000000023e+18
2499,7.9861610679454964e+20,1.5000000000000023e+18
2500,7.9861610679454964e+20,1.5000000000000023e+18
2501,7.9861610679454964e+20,1.5000000000000023e+18
2502,7.9999999999999948e+20,1.5000000000000023e+18
2503,7.9632183833166951e+20,1.5000000000000023e+18
2504,7.9295640722380764e+20,1.5000000000000023e+18
2505,7.9295640722380764e+20,1.5000000000000023e+18
2506,7.9295640722380764e+20,1.5000000000000023e+18
2507,7.9999999999999948e+20,1.5000000000000023e+18
2508,7.8137000386887129e+20,1.5000000000000023e+18
2509,7.831711235119393e+20,1.5000000000000023e+18
2510,7.6788655239363009e+20,1.5000000000000023e+18
2511,7.6967948069911908e+20,1.5000000000000023e+18
2512,7.831711235119393e+20,1.5000000000000023e+18
2513,7.6967948069911908e+20,1.5000000000000023e+18
2514,7.6967948069911908e+20,1.5000000000000023e+18
2515,7.9295640722380764e+20,1.5000000000000023e+18
2516,7.9999999999999948e+20,1.5000000000000023e+18
2517,7.9295640722380764e+20,1.5000000000000023e+18
2518,7.9999999999999948e+20,1.5000000000000023e+18
2519,7.9295640722380764e+20,1.5000000000000023e+18
2520,7.9999999999999948e+20,1.5000000000000023e+18
2521,7.6967948069911908e+20,1.5000000000000023e+18
2522,7.6967948069911908e+20,1.5000000000000023e+18
2523,7.6967948069911908e+20,1.5000000000000023e+18
2524,7.6967948069911908e+20,1.5000000000000023e+18
2525,7.9999999999999948e+20,1.5000000000000023e+18
2526,7.6967948069911908e+20,1.5000000000000023e+18
2527,7.9999999999999948e+20,1.5000000000000023e+18
2528,1.6249595318782991e+20,1.5000000000000023e+18
2529,1.4765519930146551e+20,1.5000000000000023e+18
2530,1.6250508424283338e+20,1.5000000000000023e+18
2531,1.4766426367185217e+20,1.5000000000000023e+18
2532,1.154702057625715e+20,1.5000000000000023e+18
2533,1.1547910116288928e+20,1.5000000000000023e+18
2534,5.6826067525214552e+19,1.5000000000000023e+18
2535,5.6834493092405936e+19,1.5000000000000023e+18
2536,3.5760544845272175e+19,1.5000000000000023e+18
2537,2.0931765873549296e+19,1.5000000000000023e+18
2538,3.5768676987042701e+19,1.5000000000000023e+18
2539,2.0939571421268365e+19,1.5000000000000023e+18
2540,1.1396014466906448e+19,1.5000000000000023e+18
2541,5.770930825594923e+18,1.5000000000000023e+18
2542,1.140346512221459e+19,1.5000000000000023e+18
2543,5.7780034111187016e+18,1.5000000000000023e+18
2544,2.7182248405578153e+18,1.5000000000000023e+18
2545,1.190895643952556e+18,1.5000000000000023e+18
2546,2.7249014287577318e+18,1.5000000000000023e+18
2547,1.1971635664858053e+18,1.5000000000000023e+18
2548,4.8530706498952691e+17,1.5000000000000023e+18
2549,1.8396282761251978e+17,1.5000000000000023e+18
2550,4.9115880869936294e+17,1.5000000000000023e+18
2551,1.8939582655662771e+17,1.5000000000000023e+18
2552,21288985218098904,1.5000000000000023e+18
2553,1860902519581687.5,1.5000000000000023e+18
2554,25895009348217788,1.5000000000000023e+18
2555,5680199107429221,1.5000000000000023e+18
2556,1.6258121513548068e+20,1.5000000000000023e+18
2557,1.4773983857623964e+20,1.5000000000000023e+18
2558,1.1555326726597509e+20,1.5000000000000023e+18
2559,5.6904741924668645e+19,1.5000000000000023e+18
2560,1.6311308041891876e+20,1.5000000000000023e+18
2561,1.4826781961711688e+20,1.5000000000000023e+18
2562,1.1607140614583869e+20,1.5000000000000023e+18
2563,5.7044483963625218e+19,1.5000000000000023e+18
2564,5.7395513985569726e+19,1.5000000000000023e+18
2565,3.583647936167143e+19,1.5000000000000023e+18
2566,2.1004650792186327e+19,1.5000000000000023e+18
2567,1.1465585549612329e+19,1.5000000000000023e+18
2568,5.836971651813676e+18,1.5000000000000023e+18
2569,3.5971354800473485e+19,1.5000000000000023e+18
2570,3.631015999178059e+19,1.5000000000000023e+18
2571,2.1134109513323336e+19,1.5000000000000023e+18
2572,2.1459307986602074e+19,1.5000000000000023e+18
2573,1.1589158211332438e+19,1.5000000000000023e+18
2574,1.1899570986751547e+19,1.5000000000000023e+18
2575,5.9542738463554918e+18,1.5000000000000023e+18
2576,6.248935297065047e+18,1.5000000000000023e+18
2577,1.6597205639300602e+20,1.5000000000000023e+18
2578,1.5110591632627394e+20,1.5000000000000023e+18
2579,1.1885659753715352e+20,1.5000000000000023e+18
2580,5.8220530654106608e+19,1.5000000000000023e+18
2581,6.0033598430184841e+19,1.5000000000000023e+18
2582,1.7773915075776853e+20,1.5000000000000023e+18
2583,1.6278707492839568e+20,1.5000000000000023e+18
2584,1.3032000619206284e+20,1.5000000000000023e+18
2585,7.0891538085278859e+19,1.5000000000000023e+18
2586,3.7106444960989102e+19,1.5000000000000023e+18
2587,3.8856371566481449e+19,1.5000000000000023e+18
2588,2.2223613442732925e+19,1.5000000000000023e+18
2589,2.3903261438268277e+19,1.5000000000000023e+18
2590,1.2629126004379822e+19,1.5000000000000023e+18
2591,1.423240596681201e+19,1.5000000000000023e+18
2592,6.9414703886910874e+18,1.5000000000000023e+18
2593,8.4633948616316918e+18,1.5000000000000023e+18
2594,2.7352083793755001e+19,1.5000000000000023e+18
2595,3.3962188532969742e+19,1.5000000000000023e+18
2596,1.7524421788720771e+19,1.5000000000000023e+18
2597,2.3833986951261118e+19,1.5000000000000023e+18
2598,1.1588363402416216e+19,1.5000000000000023e+18
2599,1.7577761298911121e+19,1.5000000000000023e+18
2600,2.7805680104724316e+18,1.5000000000000023e+18
2601,1.249422865911102e+18,1.5000000000000023e+18
2602,2.8913024010667172e+18,1.5000000000000023e+18
2603,1.3533793420676795e+18,1.5000000000000023e+18
2604,3.1694656213150945e+18,1.5000000000000023e+18
2605,1.6145165372804948e+18,1.5000000000000023e+18
2606,5.3994818429709894e+17,1.5000000000000023e+18
2607,2.3469388458003581e+17,1.5000000000000023e+18
2608,6.370021367380544e+17,1.5000000000000023e+18
2609,3.2480275593184736e+17,1.5000000000000023e+18
2610,8.8080029017466214e+17,1.5000000000000023e+18
2611,5.5115496407290554e+17,1.5000000000000023e+18
2612,64298099510716304,1.5000000000000023e+18
2613,37523886217389040,1.5000000000000023e+18
2614,3.3258958702671936e+17,1.5000000000000023e+18
2615,2.5999010303939229e+17,1.5000000000000023e+18
2616,3.8232253539093079e+18,1.5000000000000023e+18
2617,2.2282604490754563e+18,1.5000000000000023e+18
2618,5.2599365740181862e+18,1.5000000000000023e+18
2619,3.5770323608148925e+18,1.5000000000000023e+18
2620,1.4537927061214845e+18,1.5000000000000023e+18
2621,1.0831446316294803e+18,1.5000000000000023e+18
2622,2.7130085800656471e+18,1.5000000000000023e+18
2623,2.2522523117975811e+18,1.5000000000000023e+18
2624,7.836033403786967e+17,1.5000000000000023e+18
2625,8.9509501723586176e+17,1.5000000000000023e+18
2626,1.974542416047829e+18,1.5000000000000023e+18
2627,1.7747572575723249e+18,1.5000000000000023e+18
2628,6.3396888399837005e+17,1.5000000000000023e+18
2629,7.0260019160103501e+17,1.5000000000000023e+18
2630,1.607651845291393e+18,1.5000000000000023e+18
2631,1.4558297051815969e+18,1.5000000000000023e+18
2632,8.2099366856253123e+18,1.5000000000000023e+18
2633,6.3464666315811103e+18,1.5000000000000023e+18
2634,1.1654438081317272e+19,1.5000000000000023e+18
2635,5.2985573783767962e+18,1.5000000000000023e+18
2636,4.6527818954081331e+18,1.5000000000000023e+18
2637,9.2537008009601905e+18,1.5000000000000023e+18
2638,4.190972483829994e+18,1.5000000000000023e+18
2639,3.8098942603441275e+18,1.5000000000000023e+18
2640,7.7104920181763891e+18,1.5000000000000023e+18
2641,3.4659950126778281e+18,1.5000000000000023e+18
2642,3.14335708039923e+18,1.5000000000000023e+18
2643,6.3777169721850982e+18,1.5000000000000023e+18
2644,19279670000647.25,1.5000000000000023e+18
2645,7955343125883.7471,1.5000000000000023e+18
2646,2476304246080132.5,1.5000000000000023e+18
2647,1454453776003200,1.5000000000000023e+18
2648,4282911377372.7637,1.5000000000000023e+18
2649,2111602071237.7188,1.5000000000000023e+18
2650,783590285718307,1.5000000000000023e+18
2651,386333360806625.88,1.5000000000000023e+18
2652,22961940808348548,1.5000000000000023e+18
2653,1.6607859841967494e+17,1.5000000000000023e+18
2654,2.0948229711254048e+17,1.5000000000000023e+18
2655,13514748765440434,1.5000000000000023e+18
2656,97770324785664528,1.5000000000000023e+18
2657,1.2884519039769701e+17,1.5000000000000023e+18
2658,5.1278391399437581e+17,1.5000000000000023e+18
2659,5.713371463621113e+17,1.5000000000000023e+18
2660,1.3135284070316273e+18,1.5000000000000023e+18
2661,1.179323644610942e+18,1.5000000000000023e+18
2662,4.066661083481223e+17,1.5000000000000023e+18
2663,9.35384470307568e+17,1.5000000000000023e+18
2664,2.8374702202256261e+18,1.5000000000000023e+18
2665,2.5479301204206321e+18,1.5000000000000023e+18
2666,5.171037726261035e+18,1.5000000000000023e+18
2667,2.0210022374402724e+18,1.5000000000000023e+18
2668,4.1017261506575672e+18,1.5000000000000023e+18
2669,7.2569902286934784e+17,1.5000000000000023e+18
2670,8.26182933202736e+17,1.5000000000000023e+18
2671,5.5067574092308621e+17,1.5000000000000023e+18
2672,6.3391332036200269e+17,1.5000000000000023e+18
2673,1.7850647619945733e+18,1.5000000000000023e+18
2674,1.5679584525580613e+18,1.5000000000000023e+18
2675,3.6228832018919685e+18,1.5000000000000023e+18
2676,3.1822552976757688e+18,1.5000000000000023e+18
2677,1.369644772229004e+18,1.5000000000000023e+18
2678,1.1898001575648271e+18,1.5000000000000023e+18
2679,2.7797672591232451e+18,1.5000000000000023e+18
2680,2.4147630289259474e+18,1.5000000000000023e+18
2681,52674188186051752,1.5000000000000023e+18
2682,72563320620326368,1.5000000000000023e+18
2683,25969944453872720,1.5000000000000023e+18
2684,37398065846266504,1.5000000000000023e+18
2685,4.0870133442644237e+17,1.5000000000000023e+18
2686,2.966789673497367e+17,1.5000000000000023e+18
2687,8.8304764235348749e+17,1.5000000000000023e+18
2688,1.027857134039518e+18,1.5000000000000023e+18
2689,2.0860910090723185e+18,1.5000000000000023e+18
2690,1.7921924039180685e+18,1.5000000000000023e+18
2691,6.410100496997609e+17,1.5000000000000023e+18
2692,7.5444600535314138e+17,1.5000000000000023e+18
2693,1.5311885057900321e+18,1.5000000000000023e+18
2694,1.3009641687282002e+18,1.5000000000000023e+18
2695,2.1063864367986246e+17,1.5000000000000023e+18
2696,4.5510973919217325e+17,1.5000000000000023e+18
2697,5.4161933597615283e+17,1.5000000000000023e+18
2698,1.0992454011075615e+18,1.5000000000000023e+18
2699,9.2366954902874227e+17,1.5000000000000023e+18
2700,1.4627157186936794e+17,1.5000000000000023e+18
2701,6.414141036231447e+17,1.5000000000000023e+18
2702,7.7184703862866266e+17,1.5000000000000023e+18
2703,2.1453691747780588e+20,1.5000000000000023e+18
2704,1.9931610545507094e+20,1.5000000000000023e+18
2705,3.0082185522278341e+20,1.5000000000000023e+18
2706,2.849708993684787e+20,1.5000000000000023e+18
2707,1.6616809446464461e+20,1.5000000000000023e+18
2708,2.5022618658771599e+20,1.5000000000000023e+18
2709,1.0484621866342297e+20,1.5000000000000023e+18
2710,1.8446456947601061e+20,1.5000000000000023e+18
2711,4.5773510724656062e+19,1.5000000000000023e+18
2712,6.5418216776706646e+19,1.5000000000000023e+18
2713,2.8279968159571616e+19,1.5000000000000023e+18
2714,4.6079982795858559e+19,1.5000000000000023e+18
2715,1.3917762341040085e+20,1.5000000000000023e+18
2716,7.3577301986446508e+19,1.5000000000000023e+18
2717,1.1291318020613759e+20,1.5000000000000023e+18
2718,4.4874969732790085e+20,1.5000000000000023e+18
2719,4.3181841598857013e+20,1.5000000000000023e+18
2720,6.2369505960623224e+20,1.5000000000000023e+18
2721,6.0548614228798918e+20,1.5000000000000023e+18
2722,3.9433630017429085e+20,1.5000000000000023e+18
2723,5.6476666453706854e+20,1.5000000000000023e+18
2724,3.2096314194395221e+20,1.5000000000000023e+18
2725,4.823917943940403e+20,1.5000000000000023e+18
2726,2.6563155782158424e+20,1.5000000000000023e+18
2727,2.2749274568149877e+20,1.5000000000000023e+18
2728,4.1518102093999112e+20,1.5000000000000023e+18
2729,3.629991068000254e+20,1.5000000000000023e+18
2730,2.1139032267120357e+19,1.5000000000000023e+18
2731,1.7474892100532783e+19,1.5000000000000023e+18
2732,3.6913901649164788e+19,1.5000000000000023e+18
2733,3.1148457503012274e+19,1.5000000000000023e+18
2734,1.4680308484866494e+19,1.5000000000000023e+18
2735,1.2157060609376549e+19,1.5000000000000023e+18
2736,2.6272575083202605e+19,1.5000000000000023e+18
2737,2.1769321208476062e+19,1.5000000000000023e+18
2738,6.1282792768143221e+19,1.5000000000000023e+18
2739,5.2271271165135766e+19,1.5000000000000023e+18
2740,9.6143345055479431e+19,1.5000000000000023e+18
2741,8.2488195953749639e+19,1.5000000000000023e+18
2742,4.4180215122274361e+19,1.5000000000000023e+18
2743,3.6618263933372989e+19,1.5000000000000023e+18
2744,6.9797721428856652e+19,1.5000000000000023e+18
2745,5.7860196598490374e+19,1.5000000000000023e+18
2746,1.7050560573279204e+20,1.5000000000000023e+18
2747,1.1973478856851689e+20,1.5000000000000023e+18
2748,2.7459850279305422e+20,1.5000000000000023e+18
2749,1.9291014727028277e+20,1.5000000000000023e+18
2750,6.9545116749112581e+20,1.5000000000000023e+18
2751,7.4101197102860534e+20,1.5000000000000023e+18
2752,6.7671821121610606e+20,1.5000000000000023e+18
2753,7.2194628160153702e+20,1.5000000000000023e+18
2754,6.3467088750595054e+20,1.5000000000000023e+18
2755,6.7905585574077674e+20,1.5000000000000023e+18
2756,7.5125301580946421e+20,1.5000000000000023e+18
2757,7.5303531843260947e+20,1.5000000000000023e+18
2758,7.5303531843260947e+20,1.5000000000000023e+18
2759,7.5303531843260947e+20,1.5000000000000023e+18
2760,7.3211253544707909e+20,1.5000000000000023e+18
2761,7.338818218123091e+20,1.5000000000000023e+18
2762,7.338818218123091e+20,1.5000000000000023e+18
2763,7.338818218123091e+20,1.5000000000000023e+18
2764,6.9076890404476145e+20,1.5000000000000023e+18
2765,6.9076890404476145e+20,1.5000000000000023e+18
2766,5.9064451212193196e+20,1.5000000000000023e+18
2767,6.0173890607494424e+20,1.5000000000000023e+18
2768,5.1546765265996965e+20,1.5000000000000023e+18
2769,5.2574563388644019e+20,1.5000000000000023e+18
2770,4.5386855059367494e+20,1.5000000000000023e+18
2771,4.6318140138298638e+20,1.5000000000000023e+18
2772,7.338818218123091e+20,1.5000000000000023e+18
2773,6.9076890404476145e+20,1.5000000000000023e+18
2774,6.9076890404476145e+20,1.5000000000000023e+18
2775,6.0173890607494424e+20,1.5000000000000023e+18
2776,6.9076890404476145e+20,1.5000000000000023e+18
2777,6.9076890404476145e+20,1.5000000000000023e+18
2778,6.0173890607494424e+20,1.5000000000000023e+18
2779,4.6318140138298638e+20,1.5000000000000023e+18
2780,3.5155625733096525e+20,1.5000000000000023e+18
2781,2.4701000856950099e+20,1.5000000000000023e+18
2782,3.5155625733096525e+20,1.5000000000000023e+18
2783,2.4701000856950099e+20,1.5000000000000023e+18
2784,9.8581599880670986e+18,1.5000000000000023e+18
2785,7.819685472112255e+18,1.5000000000000023e+18
2786,1.7653827362886128e+19,1.5000000000000023e+18
2787,1.4003431609769105e+19,1.5000000000000023e+18
2788,6.0667754229911767e+18,1.5000000000000023e+18
2789,1.0864337376125592e+19,1.5000000000000023e+18
2790,4.6035984131316731e+18,1.5000000000000023e+18
2791,8.2440907323840819e+18,1.5000000000000023e+18
2792,2.9696511511699005e+19,1.5000000000000023e+18
2793,2.3556032819100668e+19,1.5000000000000023e+18
2794,4.6923992992077275e+19,1.5000000000000023e+18
2795,3.7221363437227221e+19,1.5000000000000023e+18
2796,1.8275572426069045e+19,1.5000000000000023e+18
2797,1.3867893934730662e+19,1.5000000000000023e+18
2798,2.8877603749976044e+19,1.5000000000000023e+18
2799,2.1912941394293015e+19,1.5000000000000023e+18
2800,7.7026440002627961e+19,1.5000000000000023e+18
2801,1.2410151012568292e+20,1.5000000000000023e+18
2802,4.534696864537047e+19,1.5000000000000023e+18
2803,7.3060983321300845e+19,1.5000000000000023e+18
2804,3.9770052601003254e+18,1.5000000000000023e+18
2805,3.416705497336704e+18,1.5000000000000023e+18
2806,6.1186114888928512e+18,1.5000000000000023e+18
2807,2.9191174864321541e+18,1.5000000000000023e+18
2808,2.4802088311208417e+18,1.5000000000000023e+18
2809,4.4415400335208151e+18,1.5000000000000023e+18
2810,2.095644305148478e+18,1.5000000000000023e+18
2811,1.7609196529828165e+18,1.5000000000000023e+18
2812,3.7528646622603238e+18,1.5000000000000023e+18
2813,3.1534421764818253e+18,1.5000000000000023e+18
2814,1.4714792978148995e+18,1.5000000000000023e+18
2815,1.2228168634096799e+18,1.5000000000000023e+18
2816,2.6351144821907886e+18,1.5000000000000023e+18
2817,2.1898115934236531e+18,1.5000000000000023e+18
2818,1.029249409465897e+19,1.5000000000000023e+18
2819,7.4713886720105615e+18,1.5000000000000023e+18
2820,1.6263379356081142e+19,1.5000000000000023e+18
2821,1.1805693272457648e+19,1.5000000000000023e+18
2822,5.3045997508512389e+18,1.5000000000000023e+18
2823,8.3819060071543562e+18,1.5000000000000023e+18
2824,3.6836172610102764e+18,1.5000000000000023e+18
2825,5.8205585903375729e+18,1.5000000000000023e+18
2826,2.4430878224054505e+19,1.5000000000000023e+18
2827,8.6392740044140923e+18,1.5000000000000023e+18
2828,1.2045150999160254e+19,1.5000000000000023e+18
2829,3.9361925170703884e+19,1.5000000000000023e+18
2830,1.9406602085714989e+19,1.5000000000000023e+18
2831,1.5890495775465721e+20,1.5000000000000023e+18
2832,1.5890495775465721e+20,1.5000000000000023e+18
2833,9.3550453774367474e+19,1.5000000000000023e+18
2834,9.3550453774367474e+19,1.5000000000000023e+18
2835,5.0400717233999176e+19,1.5000000000000023e+18
2836,2.4849055526452109e+19,1.5000000000000023e+18
2837,5.0400717233999176e+19,1.5000000000000023e+18
2838,2.4849055526452109e+19,1.5000000000000023e+18
2839,7.6967948069911908e+20,1.5000000000000023e+18
2840,7.9999999999999948e+20,1.5000000000000023e+18
2841,7.6967948069911908e+20,1.5000000000000023e+18
2842,7.9999999999999948e+20,1.5000000000000023e+18
2843,7.6967948069911908e+20,1.5000000000000023e+18
2844,7.9999999999999948e+20,1.5000000000000023e+18
2845,7.6967948069911908e+20,1.5000000000000023e+18
2846,7.9999999999999948e+20,1.5000000000000023e+18
2847,7.6967948069911908e+20,1.5000000000000023e+18
2848,7.9999999999999948e+20,1.5000000000000023e+18
2849,7.6967948069911908e+20,1.5000000000000023e+18
2850,7.9999999999999948e+20,1.5000000000000023e+18
2851,7.6967948069911908e+20,1.5000000000000023e+18
2852,7.9999999999999948e+20,1.5000000000000023e+18
2853,6.0173890607494424e+20,1.5000000000000023e+18
2854,6.0173890607494424e+20,1.5000000000000023e+18
2855,4.6318140138298638e+20,1.5000000000000023e+18
2856,6.0173890607494424e+20,1.5000000000000023e+18
2857,4.6318140138298638e+20,1.5000000000000023e+18
2858,6.0173890607494424e+20,1.5000000000000023e+18
2859,4.6318140138298638e+20,1.5000000000000023e+18
2860,6.0173890607494424e+20,1.5000000000000023e+18
2861,4.6318140138298638e+20,1.5000000000000023e+18
2862,3.5155625733096525e+20,1.5000000000000023e+18
2863,2.4701000856950099e+20,1.5000000000000023e+18
2864,3.5155625733096525e+20,1.5000000000000023e+18
2865,2.4701000856950099e+20,1.5000000000000023e+18
2866,3.5155625733096525e+20,1.5000000000000023e+18
2867,3.5155625733096525e+20,1.5000000000000023e+18
2868,2.4701000856950099e+20,1.5000000000000023e+18
2869,2.4701000856950099e+20,1.5000000000000023e+18
2870,1.5890495775465721e+20,1.5000000000000023e+18
2871,1.5890495775465721e+20,1.5000000000000023e+18
2872,9.3550453774367474e+19,1.5000000000000023e+18
2873,9.3550453774367474e+19,1.5000000000000023e+18
2874,1.5890495775465721e+20,1.5000000000000023e+18
2875,1.5890495775465721e+20,1.5000000000000023e+18
2876,9.3550453774367474e+19,1.5000000000000023e+18
2877,9.3550453774367474e+19,1.5000000000000023e+18
2878,5.0400717233999176e+19,1.5000000000000023e+18
2879,5.0400717233999176e+19,1.5000000000000023e+18
2880,2.4849055526452109e+19,1.5000000000000023e+18
2881,2.4849055526452109e+19,1.5000000000000023e+18
2882,5.0400717233999176e+19,1.5000000000000023e+18
2883,5.0400717233999176e+19,1.5000000000000023e+18
2884,2.4849055526452109e+19,1.5000000000000023e+18
2885,2.4849055526452109e+19,1.5000000000000023e+18
2886,6.0173890607494424e+20,1.5000000000000023e+18
2887,4.6318140138298638e+20,1.5000000000000023e+18
2888,6.0173890607494424e+20,1.5000000000000023e+18
2889,4.6318140138298638e+20,1.5000000000000023e+18
2890,3.5155625733096525e+20,1.5000000000000023e+18
2891,2.4701000856950099e+20,1.5000000000000023e+18
2892,3.5155625733096525e+20,1.5000000000000023e+18
2893,2.4701000856950099e+20,1.5000000000000023e+18
2894,1.5890495775465721e+20,1.5000000000000023e+18
2895,9.3550453774367474e+19,1.5000000000000023e+18
2896,1.5890495775465721e+20,1.5000000000000023e+18
2897,9.3550453774367474e+19,1.5000000000000023e+18
2898,5.0400717233999176e+19,1.5000000000000023e+18
2899,5.0400717233999176e+19,1.5000000000000023e+18
2900,2.4849055526452109e+19,1.5000000000000023e+18
2901,2.4849055526452109e+19,1.5000000000000023e+18
2902,7.6967948069911908e+20,1.5000000000000023e+18
2903,7.9999999999999948e+20,1.5000000000000023e+18
2904,7.6967948069911908e+20,1.5000000000000023e+18
2905,7.9999999999999948e+20,1.5000000000000023e+18
2906,6.0173890607494424e+20,1.5000000000000023e+18
2907,4.6318140138298638e+20,1.5000000000000023e+18
2908,6.0173890607494424e+20,1.5000000000000023e+18
2909,4.6318140138298638e+20,1.5000000000000023e+18
2910,3.5155625733096525e+20,1.5000000000000023e+18
2911,2.4701000856950099e+20,1.5000000000000023e+18
2912,3.5155625733096525e+20,1.5000000000000023e+18
2913,2.4701000856950099e+20,1.5000000000000023e+18
2914,1.5890495775465721e+20,1.5000000000000023e+18
2915,9.3550453774367474e+19,1.5000000000000023e+18
2916,1.5890495775465721e+20,1.5000000000000023e+18
2917,9.3550453774367474e+19,1.5000000000000023e+18
2918,5.0400717233999176e+19,1.5000000000000023e+18
2919,2.4849055526452109e+19,1.5000000000000023e+18
2920,5.0400717233999176e+19,1.5000000000000023e+18
2921,2.4849055526452109e+19,1.5000000000000023e+18
2922,0,1.5000000000000023e+18
2923,9.2674359244583052e-17,1.5000000000000023e+18
2924,1.8759453165067707e-11,1.5000000000000023e+18
2925,0.00089536163610877081,1.5000000000000023e+18
2926,0,1.5000000000000023e+18
2927,3.8264625261960354e-17,1.5000000000000023e+18
2928,7.7452754503185087e-12,1.5000000000000023e+18
2929,5.8456295380432571e-07,1.5000000000000023e+18
2930,0.043323625915794611,1.5000000000000023e+18
2931,382.71471556773628,1.5000000000000023e+18
2932,1411703.0845522368,1.5000000000000023e+18
2933,1913269478.0100157,1.5000000000000023e+18
2934,0.015739577555421613,1.5000000000000023e+18
2935,158.01820682398954,1.5000000000000023e+18
2936,582882.79253028845,1.5000000000000023e+18
2937,789976215.61952984,1.5000000000000023e+18
2938,0,1.5000000000000023e+18
2939,1.4458315200128252e-17,1.5000000000000023e+18
2940,2.9265576986426732e-12,1.5000000000000023e+18
2941,2.1764827041323867e-07,1.5000000000000023e+18
2942,0.0059471915015623222,1.5000000000000023e+18
2943,59.707289049875996,1.5000000000000023e+18
2944,220242.66751440323,1.5000000000000023e+18
2945,298493061.09332818,1.5000000000000023e+18
2946,0,1.5000000000000023e+18
2947,4.9994273723641423e-18,1.5000000000000023e+18
2948,1.0119514246907069e-12,1.5000000000000023e+18
2949,7.5258878879752169e-08,1.5000000000000023e+18
2950,0.0020564326873017845,1.5000000000000023e+18
2951,20.64571501408134,1.5000000000000023e+18
2952,76155.983964455212,1.5000000000000023e+18
2953,103213573.6034801,1.5000000000000023e+18
2954,177480332.42640984,1.5000000000000023e+18
2955,952725085436.86548,1.5000000000000023e+18
2956,174308165929895.69,1.5000000000000023e+18
2957,393373837910.20325,1.5000000000000023e+18
2958,71970679956947.469,1.5000000000000023e+18
2959,11717272817460958,1.5000000000000023e+18
2960,65995671114215616,1.5000000000000023e+18
2961,99346459665190896,1.5000000000000023e+18
2962,4.3564323237867629e+17,1.5000000000000023e+18
2963,2.8939700100124032e+17,1.5000000000000023e+18
2964,4837983851272237,1.5000000000000023e+18
2965,27249172745099388,1.5000000000000023e+18
2966,1.1949009289637896e+17,1.5000000000000023e+18
2967,1.8803022623569299e+17,1.5000000000000023e+18
2968,8.305272490483616e+17,1.5000000000000023e+18
2969,1.0105581969766254e+18,1.5000000000000023e+18
2970,1.8097003090047508e+18,1.5000000000000023e+18
2971,1.4873021897564598e+18,1.5000000000000023e+18
2972,5.5171772969374086e+17,1.5000000000000023e+18
2973,6.787957112420311e+17,1.5000000000000023e+18
2974,1.2155824494432527e+18,1.5000000000000023e+18
2975,9.880121193388823e+17,1.5000000000000023e+18
2976,3.0442086047609313e+18,1.5000000000000023e+18
2977,2.5018828263484242e+18,1.5000000000000023e+18
2978,3.9532759635637243e+18,1.5000000000000023e+18
2979,2.0448062775800768e+18,1.5000000000000023e+18
2980,1.6619961771204157e+18,1.5000000000000023e+18
2981,3.2310400080166497e+18,1.5000000000000023e+18
2982,2.6261539786555438e+18,1.5000000000000023e+18
2983,6.4194218212406528e+17,1.5000000000000023e+18
2984,7.98606369183744e+17,1.5000000000000023e+18
2985,1.343385072538912e+18,1.5000000000000023e+18
2986,1.0798505724165029e+18,1.5000000000000023e+18
2987,2.1227100890370744e+18,1.5000000000000023e+18
2988,1.7062938628526226e+18,1.5000000000000023e+18
2989,4.0794361902197222e+17,1.5000000000000023e+18
2990,6.8622714440877235e+17,1.5000000000000023e+18
2991,8.6321594613709133e+17,1.5000000000000023e+18
2992,1.3639850816712215e+18,1.5000000000000023e+18
2993,1.0843214745974552e+18,1.5000000000000023e+18
2994,5.8677245034501704e+18,1.5000000000000023e+18
2995,8.1809684042221455e+18,1.5000000000000023e+18
2996,3.8979186356874747e+18,1.5000000000000023e+18
2997,5.4346023202073672e+18,1.5000000000000023e+18
2998,8.755985269899948e+18,1.5000000000000023e+18
2999,3.1506725353763579e+18,1.5000000000000023e+18
3000,2.5325988879667011e+18,1.5000000000000023e+18
3001,3.5310300391303419e+18,1.5000000000000023e+18
3002,2.0245206152640742e+18,1.5000000000000023e+18
3003,1.6094246252359178e+18,1.5000000000000023e+18
3004,2.8226511277810094e+18,1.5000000000000023e+18
3005,2.2439110766516611e+18,1.5000000000000023e+18
3006,4.6244366005796721e+18,1.5000000000000023e+18
3007,5.6890357727260549e+18,1.5000000000000023e+18
3008,3.6967035231433083e+18,1.5000000000000023e+18
3009,2.9387528274525215e+18,1.5000000000000023e+18
3010,3.6152879597227976e+18,1.5000000000000023e+18
3011,1.0983277175408966e+19,1.5000000000000023e+18
3012,1.1211543535521739e+19,1.5000000000000023e+18
3013,7.1361765497100626e+18,1.5000000000000023e+18
3014,4.1777759633541253e+18,1.5000000000000023e+18
3015,4.5349219427145037e+18,1.5000000000000023e+18
3016,7.2844882985723771e+18,1.5000000000000023e+18
3017,4.6291716014208041e+18,1.5000000000000023e+18
3018,1.1211543535521739e+19,1.5000000000000023e+18
3019,7.2844882985723771e+18,1.5000000000000023e+18
3020,4.6291716014208041e+18,1.5000000000000023e+18
3021,148636577545.26508,1.5000000000000023e+18
3022,27194171349158.773,1.5000000000000023e+18
3023,1828035554404415.5,1.5000000000000023e+18
3024,45149414493441296,1.5000000000000023e+18
3025,74268853004146800,1.5000000000000023e+18
3026,2.5355662499481293e+17,1.5000000000000023e+18
3027,6.7395806843965158e+17,1.5000000000000023e+18
3028,8.5723351945387405e+17,1.5000000000000023e+18
3029,1.5414177944568058e+17,1.5000000000000023e+18
3030,4.0971162139102803e+17,1.5000000000000023e+18
3031,1.2723650394352855e+18,1.5000000000000023e+18
3032,1.0003349902535953e+18,1.5000000000000023e+18
3033,1.7739718659484616e+18,1.5000000000000023e+18
3034,1.3946989065506806e+18,1.5000000000000023e+18
3035,6.0812221113379379e+17,1.5000000000000023e+18
3036,7.8211720485081293e+17,1.5000000000000023e+18
3037,1.0904527193669092e+18,1.5000000000000023e+18
3038,8.4786335695651725e+17,1.5000000000000023e+18
3039,2.323293864503938e+18,1.5000000000000023e+18
3040,1.8265765509686551e+18,1.5000000000000023e+18
3041,2.8581431744703939e+18,1.5000000000000023e+18
3042,2.2470757494611589e+18,1.5000000000000023e+18
3043,1.4281185406975206e+18,1.5000000000000023e+18
3044,1.1104097945215281e+18,1.5000000000000023e+18
3045,1.7568880638785503e+18,1.5000000000000023e+18
3046,1.3660390635751091e+18,1.5000000000000023e+18
3047,3.3028300890982472e+18,1.5000000000000023e+18
3048,3.5851794771886459e+18,1.5000000000000023e+18
3049,2.5966891596249487e+18,1.5000000000000023e+18
3050,2.8186726027639557e+18,1.5000000000000023e+18
3051,2.0302351584017004e+18,1.5000000000000023e+18
3052,1.5785755459558175e+18,1.5000000000000023e+18
3053,2.2037940879229102e+18,1.5000000000000023e+18
3054,1.7135234020160671e+18,1.5000000000000023e+18
3055,2.8772533091512156e+18,1.5000000000000023e+18
3056,2.2495957231592968e+18,1.5000000000000023e+18
3057,1.7491357009410189e+18,1.5000000000000023e+18
3058,2.8772533091512156e+18,1.5000000000000023e+18
3059,2.2495957231592968e+18,1.5000000000000023e+18
3060,1.7491357009410189e+18,1.5000000000000023e+18
3061,88377495600.172012,1.5000000000000023e+18
3062,16169322507635.766,1.5000000000000023e+18
3063,1086927638098595.2,1.5000000000000023e+18
3064,26845291022186532,1.5000000000000023e+18
3065,91650821485140736,1.5000000000000023e+18
3066,2.436095314815631e+17,1.5000000000000023e+18
3067,5.0412920787383238e+17,1.5000000000000023e+18
3068,6.6023611650926413e+17,1.5000000000000023e+18
3069,8.5860805258825997e+17,1.5000000000000023e+18
3070,1.0562696275937571e+18,1.5000000000000023e+18
3071,8.1223016113921933e+17,1.5000000000000023e+18
3072,1.2206103386908628e+18,1.5000000000000023e+18
3073,9.3860176055764621e+17,1.5000000000000023e+18
3074,1.3249567848988403e+18,1.5000000000000023e+18
3075,1.0188401093690976e+18,1.5000000000000023e+18
3076,1.3524934716058586e+18,1.5000000000000023e+18
3077,1.0400147478297649e+18,1.5000000000000023e+18
3078,1.3524934716058586e+18,1.5000000000000023e+18
3079,1.0400147478297649e+18,1.5000000000000023e+18
3080,51395875939.109047,1.5000000000000023e+18
3081,9403259143951.959,1.5000000000000023e+18
3082,632102071496077.62,1.5000000000000023e+18
3083,15611861793047816,1.5000000000000023e+18
3084,53299476510155320,1.5000000000000023e+18
3085,1.4167096694225096e+17,1.5000000000000023e+18
3086,2.9317601782228346e+17,1.5000000000000023e+18
3087,4.7235192978055629e+17,1.5000000000000023e+18
3088,5.9250581278997594e+17,1.5000000000000023e+18
3089,6.0481991021929728e+17,1.5000000000000023e+18
3090,6.0481991021929728e+17,1.5000000000000023e+18
3091,0,1.5000000000000023e+18
3092,0,1.5000000000000023e+18
3093,3.2021715364024789e-13,1.5000000000000023e+18
3094,2.3814565989062551e-08,1.5000000000000023e+18
3095,0,1.5000000000000023e+18
3096,0,1.5000000000000023e+18
3097,9.2728208828443731e-14,1.5000000000000023e+18
3098,6.8962016028456402e-09,1.5000000000000023e+18
3099,0.00065072789633337301,1.5000000000000023e+18
3100,6.5330330442466451,1.5000000000000023e+18
3101,24098.441706550977,1.5000000000000023e+18
3102,32660418.227531292,1.5000000000000023e+18
3103,0.00018843722635010894,1.5000000000000023e+18
3104,1.8918301081728346,1.5000000000000023e+18
3105,6978.4060897488253,1.5000000000000023e+18
3106,9457775.9104975574,1.5000000000000023e+18
3107,16263469471.470905,1.5000000000000023e+18
3108,2975523137326.7139,1.5000000000000023e+18
3109,200019409238386.22,1.5000000000000023e+18
3110,4940144185204009,1.5000000000000023e+18
3111,44829695063253424,1.5000000000000023e+18
3112,1.4946882506444186e+17,1.5000000000000023e+18
3113,1.9138637032362314e+17,1.5000000000000023e+18
3114,1.9138637032362314e+17,1.5000000000000023e+18
3115,4709561546.8490744,1.5000000000000023e+18
3116,861649439186.13049,1.5000000000000023e+18
3117,57921449050279.344,1.5000000000000023e+18
3118,1430562717957547.8,1.5000000000000023e+18
3119,12981744663844670,1.5000000000000023e+18
3120,43283054222288352,1.5000000000000023e+18
3121,55421501042461080,1.5000000000000023e+18
3122,55421501042461080,1.5000000000000023e+18
3123,0,1.5000000000000023e+18
3124,4.43191639725647e-10,1.5000000000000023e+18
3125,0.12158044906597458,1.5000000000000023e+18
3126,607813.90326546202,1.5000000000000023e+18
3127,55374806279.446434,1.5000000000000023e+18
3128,91936615721959.609,1.5000000000000023e+18
3129,2781630943792973,1.5000000000000023e+18
3130,3561720978825433,1.5000000000000023e+18
3131,6.3145585779567457e-13,1.5000000000000023e+18
3132,866.00832521168672,1.5000000000000023e+18
3133,2.1767675547087599e-16,1.5000000000000023e+18
3134,0.29853216201194149,1.5000000000000023e+18
3135,130990545262.71967,1.5000000000000023e+18
3136,5074711195602.2588,1.5000000000000023e+18
3137,45155328.813777871,1.5000000000000023e+18
3138,1749364827.9178262,1.5000000000000023e+18
3139,5.0243757493638756e-10,1.5000000000000023e+18
3140,2.9442275696341369,1.5000000000000023e+18
3141,0,1.5000000000000023e+18
3142,1.6979810852409808e-11,1.5000000000000023e+18
3143,1.1211543535521739e+19,1.5000000000000023e+18
3144,1.1211543535521739e+19,1.5000000000000023e+18
3145,1.1211543535521739e+19,1.5000000000000023e+18
3146,1.1211543535521739e+19,1.5000000000000023e+18
3147,1.1211543535521739e+19,1.5000000000000023e+18
3148,1.1211543535521739e+19,1.5000000000000023e+18
3149,7.2844882985723771e+18,1.5000000000000023e+18
3150,7.2844882985723771e+18,1.5000000000000023e+18
3151,7.2844882985723771e+18,1.5000000000000023e+18
3152,7.2844882985723771e+18,1.5000000000000023e+18
3153,4.6291716014208041e+18,1.5000000000000023e+18
3154,4.6291716014208041e+18,1.5000000000000023e+18
3155,4.6291716014208041e+18,1.5000000000000023e+18
3156,4.6291716014208041e+18,1.5000000000000023e+18
3157,7.2844882985723771e+18,1.5000000000000023e+18
3158,7.2844882985723771e+18,1.5000000000000023e+18
3159,4.6291716014208041e+18,1.5000000000000023e+18
3160,4.6291716014208041e+18,1.5000000000000023e+18
3161,2.8772533091512156e+18,1.5000000000000023e+18
3162,2.8772533091512156e+18,1.5000000000000023e+18
3163,2.8772533091512156e+18,1.5000000000000023e+18
3164,2.8772533091512156e+18,1.5000000000000023e+18
3165,2.8772533091512156e+18,1.5000000000000023e+18
3166,2.8772533091512156e+18,1.5000000000000023e+18
3167,2.2495957231592968e+18,1.5000000000000023e+18
3168,2.2495957231592968e+18,1.5000000000000023e+18
3169,2.2495957231592968e+18,1.5000000000000023e+18
3170,2.2495957231592968e+18,1.5000000000000023e+18
3171,1.7491357009410189e+18,1.5000000000000023e+18
3172,1.7491357009410189e+18,1.5000000000000023e+18
3173,1.7491357009410189e+18,1.5000000000000023e+18
3174,1.7491357009410189e+18,1.5000000000000023e+18
3175,2.2495957231592968e+18,1.5000000000000023e+18
3176,2.2495957231592968e+18,1.5000000000000023e+18
3177,1.7491357009410189e+18,1.5000000000000023e+18
3178,1.7491357009410189e+18,1.5000000000000023e+18
3179,1.3524934716058586e+18,1.5000000000000023e+18
3180,1.3524934716058586e+18,1.5000000000000023e+18
3181,1.3524934716058586e+18,1.5000000000000023e+18
3182,1.3524934716058586e+18,1.5000000000000023e+18
3183,1.0400147478297649e+18,1.5000000000000023e+18
3184,1.0400147478297649e+18,1.5000000000000023e+18
3185,1.0400147478297649e+18,1.5000000000000023e+18
3186,1.0400147478297649e+18,1.5000000000000023e+18
3187,1.3524934716058586e+18,1.5000000000000023e+18
3188,1.3524934716058586e+18,1.5000000000000023e+18
3189,1.0400147478297649e+18,1.5000000000000023e+18
3190,1.0400147478297649e+18,1.5000000000000023e+18
3191,6.0481991021929728e+17,1.5000000000000023e+18
3192,6.0481991021929728e+17,1.5000000000000023e+18
3193,6.0481991021929728e+17,1.5000000000000023e+18
3194,6.0481991021929728e+17,1.5000000000000023e+18
3195,6.0481991021929728e+17,1.5000000000000023e+18
3196,6.0481991021929728e+17,1.5000000000000023e+18
3197,1.9138637032362314e+17,1.5000000000000023e+18
3198,1.9138637032362314e+17,1.5000000000000023e+18
3199,1.9138637032362314e+17,1.5000000000000023e+18
3200,1.9138637032362314e+17,1.5000000000000023e+18
3201,1.9138637032362314e+17,1.5000000000000023e+18
3202,1.9138637032362314e+17,1.5000000000000023e+18
3203,55421501042461080,1.5000000000000023e+18
3204,55421501042461080,1.5000000000000023e+18
3205,55421501042461080,1.5000000000000023e+18
3206,55421501042461080,1.5000000000000023e+18
3207,55421501042461080,1.5000000000000023e+18
3208,55421501042461080,1.5000000000000023e+18
3209,3561720978825433,1.5000000000000023e+18
3210,3561720978825433,1.5000000000000023e+18
3211,3561720978825433,1.5000000000000023e+18
3212,3561720978825433,1.5000000000000023e+18
3213,5074711195602.2588,1.5000000000000023e+18
3214,5074711195602.2588,1.5000000000000023e+18
3215,1749364827.9178262,1.5000000000000023e+18
3216,1749364827.9178262,1.5000000000000023e+18
3217,1.1211543535521739e+19,1.5000000000000023e+18
3218,7.2844882985723771e+18,1.5000000000000023e+18
3219,4.6291716014208041e+18,1.5000000000000023e+18
3220,2.8772533091512156e+18,1.5000000000000023e+18
3221,2.2495957231592968e+18,1.5000000000000023e+18
3222,1.7491357009410189e+18,1.5000000000000023e+18
3223,1.3524934716058586e+18,1.5000000000000023e+18
3224,1.0400147478297649e+18,1.5000000000000023e+18
3225,6.0481991021929728e+17,1.5000000000000023e+18
3226,1.9138637032362314e+17,1.5000000000000023e+18
3227,55421501042461080,1.5000000000000023e+18
3228,3561720978825433,1.5000000000000023e+18
3229,1.1211543535521739e+19,1.5000000000000023e+18
3230,7.2844882985723771e+18,1.5000000000000023e+18
3231,4.6291716014208041e+18,1.5000000000000023e+18
3232,2.8772533091512156e+18,1.5000000000000023e+18
3233,2.2495957231592968e+18,1.5000000000000023e+18
3234,1.7491357009410189e+18,1.5000000000000023e+18
3235,1.3524934716058586e+18,1.5000000000000023e+18
3236,1.0400147478297649e+18,1.5000000000000023e+18
3237,6.0481991021929728e+17,1.5000000000000023e+18
3238,1.9138637032362314e+17,1.5000000000000023e+18
3239,55421501042461080,1.5000000000000023e+18
3240,3561720978825433,1.5000000000000023e+18
3241,5074711195602.2588,1.5000000000000023e+18
3242,5074711195602.2588,1.5000000000000023e+18
3243,1749364827.9178262,1.5000000000000023e+18
3244,1749364827.9178262,1.5000000000000023e+18
3245,2.9442275696341369,1.5000000000000023e+18
3246,1.6979810852409808e-11,1.5000000000000023e+18
3247,2.9442275696341369,1.5000000000000023e+18
3248,1.6979810852409808e-11,1.5000000000000023e+18
3249,0,1.5000000000000023e+18
3250,0,1.5000000000000023e+18
3251,0,1.5000000000000023e+18
3252,0,1.5000000000000023e+18
3253,0,1.5000000000000023e+18
3254,0,1.5000000000000023e+18
3255,0,1.5000000000000023e+18
3256,0,1.5000000000000023e+18
3257,0,1.5000000000000023e+18
3258,0,1.5000000000000023e+18
3259,0,1.5000000000000023e+18
3260,0,1.5000000000000023e+18
3261,0,1.5000000000000023e+18
3262,0,1.5000000000000023e+18
3263,0,1.5000000000000023e+18
3264,0,1.5000000000000023e+18
3265,0,1.5000000000000023e+18
3266,0,1.5000000000000023e+18
3267,0,1.5000000000000023e+18
3268,0,1.5000000000000023e+18
3269,0,1.5000000000000023e+18
3270,0,1.5000000000000023e+18
3271,0,1.5000000000000023e+18
3272,7.9999999999999948e+20,1.5000000000000023e+18
3273,0,0
3274,1.0000000000000008e+20,0
3275,0,0
3276,1.0000000000000008e+20,0
3277,0,0
3278,0,1.5000000000000023e+18
3279,0,0
3280,0,0
3281,0,0
3282,0,0
3283,0,0
3284,0,0
3285,0,0
3286,2.0000000000000052e+20,1.5000000000000023e+18
3287,0,0
3288,0,0
3289,1.9428597810768508e+20,1.5000000000000023e+18
3290,1.8639696893257214e+20,1.5000000000000023e+18
3291,1.7561940376438522e+20,1.5000000000000023e+18
3292,1.6249590300546925e+20,1.5000000000000023e+18
3293,1.4765514948558986e+20,1.5000000000000023e+18
3294,1.970125369424101e+20,1.5000000000000023e+18
3295,1.9887506521013076e+20,1.5000000000000023e+18
3296,1.9947402255834163e+20,1.5000000000000023e+18
3297,1.9984849074621373e+20,1.5000000000000023e+18
3298,1.9995111492785e+20,1.5000000000000023e+18
3299,0,0
3300,0,0
3301,0,0
3302,0,0
3303,0,0
3304,1.9984849074621373e+20,1.5000000000000023e+18
3305,1.970125369424101e+20,1.5000000000000023e+18
3306,1.9428597810768508e+20,1.5000000000000023e+18
3307,1.9887506521013076e+20,1.5000000000000023e+18
3308,1.9947402255834163e+20,1.5000000000000023e+18
3309,1.9995111492785e+20,1.5000000000000023e+18
3310,2.0000000000000052e+20,1.5000000000000023e+18
3311,0,0
3312,0,0
3313,0,0
3314,0,0
